_id,user,content,y
111753937734745893,nowifeinthelaopobing,å†·é™ä¸‹æ¥ä»ç„¶è§‰å¾—å¢è¿›è‡ªå·±è´¡çŒ®ä»·å€¼æ˜¯æ­£è·¯ï¼Œä½†æˆ‘ä»Šå¹´çœŸçš„è¦å­¦ä¼šä¸ºè‡ªå·±äº‰å–æ‰å¯ä»¥ï¼Œæˆ‘ä¸ä¼šå†è®©äº†ã€‚,0
111753937703902969,marthadear,"war neulich auf ner veranstaltung und (wieder mal) die einzige mit maske. da fragte mich eine frau, ob ich die trage, weil ich corona habe.es war fÃ¼r sie nachvollziehbarer, dass ich da mit c auftauche, als dass ich mich weiter davor schÃ¼tze??plus: was fÃ¼r ein arschloch mÃ¼sste ich bitte sein wissentlich mit c infiziert auf ne veranstaltung zu gehen?? like, what the actual fuck",1
111753937695537419,IHasWisdom,Q:	How many marketing people does it take to change a light bulb?A:	I'll have to get back to you on that.,0
111753937678847359,Steffell,"The everlasting romance of Education: from Yesteryear to Today - 19 - A project carried in collaboration with a primary school in #Brittany, #france.Go back to 2023.https://flic.kr/p/2psm2N8#BW #Photography #School #Leica #LeicaM #Monochrom #Education #YesterYear #Children #mm1 #monochrome",0
111753937675453376,Deiru,I mean I called it right around when I barely started reading it but I'm still mad about it even after thinking about it for a bit.,0
111753937641801559,tommi,TÃ¤mÃ¤ #pitsa on parempi kuin mikÃ¤Ã¤n koskaan #MikkoNom-hÃ¤pstÃ¤Ã¤kin alla.EhkÃ¤. Tai sit ei.,0
111753937549676372,joelkuiper,https://entoenvoormijnlotgenoten.nl/files/20240110_book_with_cover.pdf,0
111753937526139595,nerolikawa,ã‚µãƒ³ãƒãŒã§ã£ã‹ããªã£ã¦ã‚‚ä¿ºé”ã¯ä¸€ç”Ÿå‹é”ã ãç©¹ã•ã‚“â€¦â€¦,0
111753937442524448,pjw,Hey here's a question for both the philosophers and the leftist/activists in the room. And the social scientists too!Any reading recommendations on (a) theories of political change and/or (b) the 'point' of different types of protests?,0
111753937441732813,joelpatt,http://worrydream.com/refs/Lockhart-MathematiciansLament.pdf,0
111753937407220913,MoiraEve,WaPo Headline: How Lloyd Austinâ€™s medical mystery ignited a firestormâ€©The defense secretaryâ€™s secretive hospitalization has caused a potentially damaging distraction for President Biden as he seeks reelection and has unleashed a fierce debate over privacy // America doesnâ€™t give a shit about #privacy rights. We handed over that right to corporations just like we seem to be handing over the right to democracy and freedom.,0
111753937405128268,mamo,çµµãŒå¥½ãå›½æ°‘ãƒãƒªãŒã„ã„RE: https://cybre.club/notes/9ogy12ods1z5qumc,0
111753937382740838,yura15cbx,"Ğ•, 4Ñ‚Ğ± Ñ€Ğ¾Ğ·Ğ´Ğ°Ğ½Ğ½Ğ¾Ğ³Ğ¾ Ğ±ĞµĞ· Ğ¿ĞµÑ€ĞµĞ·Ğ°Ğ³Ñ€ÑƒĞ·ĞºĞ¸",0
111753937363409733,Brynawel,"User ""Kyle"" hat hervorragend zusammengefaÃŸt, was ein rechtsextremistischer Statt bedeutet: https://www.br.de/nachrichten/bayern/neuer-afd-landesvorstand-mehr-radikale-mitglieder,U1GvtJd?commentID=27ca188c-6adb-4aaf-8797-c5c0c7af1000",0
111753937353504493,yamadaman,å®ˆã£ãŸã‚‰è² ã‘ã‚‹ï¼æ”»ã‚ã‚ï¼ï¼ğŸ•,0
111753937278648015,pkmnframes,Season 1 Episode 23 - The Tower of TerrorFrame 1892/2340Caption: Huh?#pokemon #anipoke #s1e23,0
111753937255275149,sakuyamochi,ç¾å®¹å¸«ã•ã‚“ã«ã‚»ãƒƒãƒˆã§è²°ã£ã¦ã‚‚æ•°æ™‚é–“å†…ã«å´©å£Šã—ãŸã‹ã‚‰ä½•ã‚‚ä¿¡ã˜ã‚‰ã‚Œãªã„,0
111753937211609948,soyu,"ë¶€ìŠ½) ì € ê·¸ë˜ì„œ ìŠ¤ì¹´ë°”ì´ ì§„ì§œ ì¢‹ì€ê²œì´ë¼ ìƒê°í•´ìš” ì´ˆë°˜ì— ì¡°ê¸ˆë§Œ í—¤ë§¤ë©´ì„œ ë²„í‹°ë©´,,, ì ˆë²½ì„ ë„˜ì„ìˆ˜ì‡ê²Œë¨... ê·¸ë¦¬ê³  ë‚™ì‚¬ê°€ì—†ìŒ(ì¤‘ìš”)",0
111753937201751843,ibis,ãŠé¢¨å‘‚ã€é˜²æ°´ã‚¹ãƒ”ãƒ¼ã‚«ãƒ¼ã ã‘æŒã¡è¾¼ã‚“ã§WNIãƒ©ã‚¤ãƒ—èã„ã¦ã„ã‚‹ã‚,0
111753937195849622,bonneville,EierlikÃ¶r,1
111753937195560694,kuvo_playlist,3:55am Between the Devil and the Deep Blue Sea (Remastered 2016) by Howard Roberts from Remastered Hits#HowardRoberts #BetweentheDevilandtheDeepBlueSeaRemastered2016 #JazzNetwork #KUVO,0
111753937165727466,Telmina,ã†ã‚“ã€‚ãƒ˜ã‚¤ãƒƒã‚¿ãƒ¼ã€ãƒã‚¸ã§æœ¬å½“ã«æ¯å›½èªãŒåŒã˜ãªã®ã‹æ¥µã‚ã¦ç–‘ã‚ã—ã„è¼©ãŒå¤šã„ã€‚ã ã£ã¦ã€ä¿ºã®ãƒ—ãƒ­ãƒ•ã‚£ãƒ¼ãƒ«ã§ãƒ•ã‚©ãƒ­ãƒ¼ã‚’è¿”ã•ãªã„ã¨æ˜è¨€ã—ã¦ã„ã‚‹ã®ã«ãƒ•ã‚©ãƒ­ãƒ¼ãƒªã‚¯ã‚¨ã‚¹ãƒˆã‚’é€ã£ã¦ãã‚‹å¤§é¦¬é¹¿è€…ãŒæ™‚ã€…ã‚ã„ã¦ãã‚‹ã‚“ã ã‚‚ã‚“ã€ã§ã€ãã„ã¤ã‚‰ã®ç™ºè¨€å†…å®¹ã¯æ±ºã¾ã£ã¦ä½ãƒ¬ãƒ™ãƒ«ã‚‚ã„ã„ã¨ã“ã‚ã€‚,0
111753937155076276,aqz,æœ¬å½“ã¯ãƒ¡ãƒ«ã‚«ãƒªã§å£²ã‚ŠãŸã„ã‚‚ã®ã®æ‰‹é–“ãŒã¨ã‚“ã§ã‚‚ãªã„ã“ã¨ã«ãªã‚‹ãŸã‚ä¸å¯èƒ½,0
111753937139851471,tallandtrue,"I washed Jet's leash, harness, and #LabradorRescue collar. PS. The angle of the photo makes Jet look malnourished, though I am trying to reduce his weight prior to cruciate ligament surgery. â¤ï¸ #dogs #mydog #mydogposts #DogsOfMastodon",0
111753937131074411,Iron__Spider,Beckham's Best Assists! ğŸ‘ | Best Of Beckham https://youtu.be/bb3qXscWP5c?si=OsutUvq5-CN-2xQk,0
111753937123054372,awiel,Voor een groot deel van Nederland is de luchtkwaliteit ongunstig #fijnstofhttps://dataportaal.openiod.org/dashboard,0
111753937098866888,nunosaki,20:00ã‹ã‚‰ã•ãã‚‡https://youtube.com/live/fTjhn47KCjA,0
111753937076400293,Tae156,"Yes I cried at end of episode 8, but there were happy times too. Worrying how bad Jimin got, but great that he had friends to help him. Good to see Jin with friends as once before he'd implied it was difficult to have friends & be famous. Nice house tours, and also members who obviously didn't want to give house tours. Must be so strange being alone ( also not good for mental health) so let's see how things go after military service. (1/2)",0
111753937064449650,Camillamalm,"Det Ã¤r en riktigt bra idÃ© att vaccinera sig mot HPV, oavsett kÃ¶n (och nÃ¤stan oavsett sexualvanor, undantaget helt icke aktiva eller helt sÃ¤kert fÃ¶r evigt monogam med en och samma inte ngt byte nÃ¥gonsin fÃ¶r nÃ¥gon av er tvÃ¥) https://sverigesradio.se/artikel/fa-unga-kvinnor-hpv-vaccinerar-sig-trots-att-det-ar-gratis",0
111753937060845319,UrduChronicle,"ÛŒÙ…Ù† Ú©Û’ Ø­ÙˆØ«ÛŒ Ú¯Ø±ÙˆÙ¾ Ú©Ø§ Ø§Ù…Ø±ÛŒÚ©ÛŒ Ø­Ù…Ù„ÙˆÚº Ú©Û’ Ù…Ø¤Ø«Ø± Ø¬ÙˆØ§Ø¨ Ú©Ø§ Ø§Ø¹Ù„Ø§Ù†ØŒ Ø®Ø·Û’ Ù…ÛŒÚº Ú©Ø´ÛŒØ¯Ú¯ÛŒ Ù¾Ú¾ÛŒÙ„Ù†Û’ Ú©Û’Â Ø®Ø·Ø±Ø§ØªÂ Ø§Ù…Ø±ÛŒÚ©Û Ù†Û’ ÛŒÙ…Ù† Ù…ÛŒÚº Ø§ÙˆØ± Ø­Ù…Ù„Û Ú©ÛŒØ§ ÛÛ’ØŒ Ø­ÙˆØ«ÛŒ Ù…Ù„ÛŒØ´ÛŒØ§ Ù†Û’ ""Ù…Ø¶Ø¨ÙˆØ· Ø§ÙˆØ± Ù…ÙˆØ«Ø± Ø¬ÙˆØ§Ø¨"" Ú©ÛŒ Ø¯Ú¾Ù…Ú©ÛŒ Ø¯ÛŒ ÛÛ’ØŒØ¬Ø³ Ø³Û’ Ú©Ø´ÛŒØ¯Ú¯ÛŒ Ù…ÛŒÚº Ù…Ø²ÛŒØ¯ Ø§Ø¶Ø§ÙÛ ÛÙˆØ§ ÛÛ’Û” Ø§Ù† Ø­Ù…Ù„ÙˆÚº Ù†Û’ Ø­Ù…Ø§Ø³ Ø§ÙˆØ± Ø§Ø³Ø±Ø§Ø¦ÛŒÙ„ Ø¬Ù†Ú¯ Ú©Û’ Ø¨Ø¹Ø¯ Ù…Ø´Ø±Ù‚ ÙˆØ³Ø·ÛŒÙ° Ù…ÛŒÚº Ù¾Ú¾ÛŒÙ„Ù†Û’ ÙˆØ§Ù„Û’ ØªÙ†Ø§Ø²Ø¹ Ù…ÛŒÚº Ø§Ø¶Ø§ÙÛ’ Ú©Û’ Ø®Ø¯Ø´Ø§Øª Ù…ÛŒÚº Ø§Ø¶Ø§ÙÛ Ú©Ø± Ø¯ÛŒØ§ ÛÛ’ØŒ Ø§ÛŒØ±Ø§Ù† Ú©Û’ Ø§ØªØ­Ø§Ø¯ÛŒ Ù„Ø¨Ù†Ø§Ù†ØŒ Ø´Ø§Ù… Ø§ÙˆØ± Ø¹Ø±Ø§Ù‚ Ø¨Ú¾ÛŒ Ù…ÛŒØ¯Ø§Ù† Ù…ÛŒÚº Ø§ØªØ±Û’ ÛÛŒÚºÛ”https://urduchronicle.com/world/yemens-houthi-group-announced-an-effective-response-to-us-attacks-risks-of-conflict-spreading-in-the-region/",0
111753937022345193,mhkn,I need to get my ass to rewrite my site but head empty... don't want a bland website but also too much decor gives me headache,0
111753936892083738,kani,ï¼Ÿ,0
111753936874494875,ramontrivino,"Podemos, diez aÃ±os despuÃ©s: cambiarlo todo para volver a empezarhttps://www.eldiario.es/politica/diez-anos-despues-cambiarlo-volver-empezar_1_10833951.html",0
111753936835826858,Kabbul,"Lo que leo a algunos (que no se cÃ³mo mencionar, por torpeza. A Perales y a Maestra Paladina) sobre el concepto Web Sencilla anima a investigar y hacer cosiÃ±as. Â¿LograrÃ© algo tangible? Lo dudo.De momento, he vuelto a instalar Metatext y a entrar aquÃ­. Ya es algo.",0
111753936765989719,bioreconstruct,Aerial photo of a shop building past the entrance of Epic Universe. Arrow at a staging area of curved steel beams.,0
111753936737159991,wigwamania,ã„ã‚„ãƒ¼ã€ã‚‚ã†åœŸæ—¥ã«ä¸»ä½“çš„ã«å‹•ãã®ã¯ç„¡ç†ãªã‚“ã ã‚ã€‚æƒé™¤ã¨å‹‰å¼·ã¨å†·è”µåº«ã«ãƒ“ãƒ¼ãƒ«ã‚’å–ã‚Šã«è¡Œãã®ãŒç²¾ä¸€æ¯ã§ã€‚ã‚ã¨ã¯ãŸã ãŸã å—ã‘èº«ã€‚æµã‚Œã¦ãã‚‹ãƒ†ãƒ¬ãƒ“ã‚’è¦‹ã‚‹ãã‚‰ã„ã€‚,0
111753936713532995,touchide,"Touch IDE did not have a new release this year - this will change soon. We will have a new feature calling ""views"" and much more.",0
111753936699228514,Su_melan,"Its 220,000 yen.",0
111753936694918411,Opsitek,"Berkat AI, Ini Dia Peningkatan Fitur Kamera di OneUI 6.0 â€¢ Jagat Gadget â€“ https://bit.ly/47x6rjP â€“ #Opsitek #KÂ opiminfoBerkat AI, Ini Dia Peningkatan Fitur Kamera di OneUI 6.0 â€¢ Jagat Gadget January 14, 2024 at 05:55PM Berkat AI, Ini Dia Peningkatan Fitur Kamera di OneUI 6.0 â€¢ Jagat Gadget November 13, 2023 Seperti yang telah dijanjikan oleh Samsung saat merilis update OneUI 6.0, salah satu peningkatan yang akan dihadirkan yaitu dari menu kamera. Pengguna akanâ€¦https://kopiminfo.wordpress.com/2024/01/14/berkat-ai-ini-dia-peningkatan-fitur-kamera-di-oneui-6-0-jagat-gadget-https-bit-ly-47x6rjp-opsitek-k-opiminfo/",0
111753936670368893,nzz_bot,LIVE - Krieg in Nahost:Â Massenkundgebung in Israel fordert Freilassung der Gaza-Geiseln +++ Israels Armee meldet erneuten Schusswechsel an Grenze zum Libanon Mit einem Vorstoss auf israelisches Gebiet und Massakern an der ZivilbevÃ¶lkerung hat die palÃ¤stinensische Terrorgruppe Hamas im Oktober 2023 einen Krieg ausgelÃ¶st. Seitdem kommt es zu massiven Kampfhandlungen im dichtbesiedelten Gazastreifen. https://www.nzz.ch/international/krieg-in-nahost-baerbock-spricht-vom-medizinischen-desaster-im-gazastreifen-israel-bestaetigt-toetung-von-weiterem-mitglied-der-hizbullah-ld.1759794 #NZZ #Switzerland #News,0
111753936615874473,taujun,å¯ºç”ºå››æ¡ä¸‹ãŒã£ãŸã¨ã“ã®ã‚«ãƒ©ãƒ’ã‚«ãƒ¬ãƒ¼ã€‚ã„ã¤ã‹è¡Œããƒªã‚¹ãƒˆã‹ã‚‰ã²ã¨ã¤å®Œäº†ã€‚7å¸­ã®ã‚«ã‚¦ãƒ³ã‚¿ãƒ¼ã€ãƒ¡ãƒ‹ãƒ¥ãƒ¼ã¯ã‚«ãƒ¬ãƒ¼ã¨ãƒãƒ£ã‚¤ã¨ãƒ“ãƒ¼ãƒ«ã®ã¿ã®ã‚¹ãƒˆãƒ­ãƒ³ã‚°ã‚¹ã‚¿ã‚¤ãƒ«ã€‚ç¨‹è‰¯ã„è¾›ã•ã¨ã•ã‚‰ã£ã¨é£Ÿãˆã‚‹è»½ã•ãŒåŒå±…ã—ã¦ã‚‹æ„Ÿã˜ã€‚,0
111753936596928994,lwv_wa,"Advocacy, civil discourse, debate are all part of a healthy democracy. Voter suppression, gerrymandering, supermajorities are not. Join the Virginia League of Women Voters in Richmond on February 8. Let your voice be heard. Canâ€™t make it? Follow the issues @vpapupdates #Virginia",0
111753936557323929,kani,ç®±é©å‘½,0
111753936540405260,090,å…ˆç”Ÿï¼ãŠè…¹ç—›ã„ã®ã§æ®´ã£ã¦ãã ã•ã„ï¼RE: https://misskey-square.net/notes/9ogy27s58e,0
111753936507981383,giardino,ğŸ™,0
111753936500730684,Phillmoore,Week 02 - 2024 #DFIR https://thisweekin4n6.com/2024/01/14/week-02-2024/,0
111753936500301417,FIPPlaysNow,â™ª #nowplaying #FIP Valentina - Daniel Caesar (Valentina âˆ’ 2023) https://www.radiofrance.fr/fip/,0
111753936499519521,berbagiinformasi,"Berkat AI, Ini Dia Peningkatan Fitur Kamera di OneUI 6.0 â€¢ Jagat Gadget â€“ https://bit.ly/47x6rjP â€“ #Opsitek #KÂ opiminfoBerkat AI, Ini Dia Peningkatan Fitur Kamera di OneUI 6.0 â€¢ Jagat Gadget January 14, 2024 at 05:55PM Berkat AI, Ini Dia Peningkatan Fitur Kamera di OneUI 6.0 â€¢ Jagat Gadget November 13, 2023 Seperti yang telah dijanjikan oleh Samsung saat merilis update OneUI 6.0, salah satu peningkatan yang akan dihadirkan yaitu dari menu kamera. Pengguna akanâ€¦https://kopiminfo.wordpress.com/2024/01/14/berkat-ai-ini-dia-peningkatan-fitur-kamera-di-oneui-6-0-jagat-gadget-https-bit-ly-47x6rjp-opsitek-k-opiminfo/",0
111753936465645743,geraldserai,"Toujours des emplois fictifs chez LRâ€¦Comme Macron et Attal gÃ¨rent tout, ils ne sont lÃ  que pour lâ€™Adecco !----------#bfn #breakingfakenews #humour #mÃ¨me #sarkozy #lr #sarkozystes #gouvernement #attal #remaniement #dati #vautrin #darmanin #manpower #adeccoAbonnez-vous !",0
111753936446018745,Oct2355,ä¸‡å¹´ç­†è¦‹ã¦ããŸï¼ã‚»ãƒ³ãƒãƒ¥ãƒªãƒ¼ã‹ãƒ—ãƒ­ãƒ•ã‚£ãƒƒãƒˆã‚¹ã‚¿ãƒ³ãƒ€ãƒ¼ãƒ‰ã‹ãª,0
111753936429132703,QiNagi,ã‚¨ãƒ“ãƒ•ãƒ©ã‚¤ãã„ã¦ãƒ¼,0
111753936419401882,Edgecontrol,Una catÃ³lica integrista para el ministerio de la educaciÃ³n en Francia. No pasa nada.,0
111753936361748843,mrhc,åˆ†ã‹ã‚‰ã‚“ã‘ã©TSã§ã‚‚é«˜åº¦ãªæœ€é©åŒ–ãŒã§ãã‚‹ã®ã‹ã‚‚ã—ã‚Œãªã„,0
111753936339094894,katsukikira,ã¯ã‚„ãé£Ÿã£ã¨ã„ã§ãƒ”ã‚¶,0
111753936291831005,wagagun,ã€ãƒ–ãƒ­ã‚°æ›´æ–°ã€‘ã‚ˆãï¼Ÿ é«˜ç€¬ãã‚‹ã¿ (BEYOOOOONDS) https://ameblo.jp/beyooooonds-rfro/entry-12836582567.html #helloproject #ãƒãƒ­ãƒ—ãƒ­,0
111753936285598933,rc,ãƒ¡ãƒ³ãƒ†çµ‚ã‚ã‚‹ã“ã‚ã«ã¯å¯ã¦ã‚‹ã‹ã‚‚â€‹:oyasumi_Shiropuyo_dragon:â€‹,0
111753936284464987,CameronDavis,Exciting news! MEGA BLOW THE CARTRIDGE is coming - a brand new collection packed with 128 pages of retrogaming comic awesomness!AND! Every Patreon backer that joins at the $5 level by the end of the month will get it for FREE!(Check out the amazing @antstiller cover art! Everything he makes is so good looking because he's so good looking)https://patreon.com/camerondavis,0
111753936272042293,arturo182,What is it about Mastodon that makes people think they are way better than anyone else.,0
111753936226806351,vmateusimeon,"Avui, terror duu el nom d'#Israel.",1
111753936218558295,BakerRL75,@ingalls Good morning!,0
111753936192223730,Alrebulreshin,ì´ìƒê³¼ ì§„ì‹¤ì„ ê³¼ ì•…ê¿ˆê³¼ í˜„ì‹¤ì–´ëŠë‚  ì¸ìƒì„ ì†¡ë‘ë¦¬ì±„ ë°”ê¿”ë²„ë¦° ëˆ„êµ°ê°€ë¥¼ ê¸°ë‹¤ë¦¬ê³  ì°¾ì•„ë– ë‚˜ëŠ” ê°ë™ì‹¤í™” ì´ì•¼ê¸°..í¬ì¼“ëª¬ 5ì„¸ëŒ€.. ë¸”ë™ì•¤í™”ì´íŠ¸ì ˆì°¬ë¦¬ ë¦¬ë©”ì´í¬ ê¸°ë‹¤ë¦¬ëŠ” ì¤‘â€¦,0
111753936190076208,josemorgado,Just incredible from the kid.,0
111753936178344992,kazuhito,èº«å†…ãŒå­˜å‘½ã§ã‚ã‚‹ã†ã¡ã¯ã€ç©æ¥µçš„ã«æ­»ã‚’é¸ã³ãŸã„ã¨ã¯æ€ã‚ãªã„ã‘ã‚Œã©ã€ã—ã‹ã—æ¡ä»¶ãŒå¤–ã‚ŒãŸã‚‰ã©ã†ã ã‚ã†ãªâ€¦â€¦æ€è€ƒå®Ÿé¨“ã¯å¿…è¦,0
111753936172456062,the_colorado_sound_playlist,3:55a Collect by Torres from What an Enormous Room,0
111753936128514818,krisdoblas,"Una cosa es elegir a chikilicustre para eurovision, y echarnos unas risas. Y otra elegir a un psicÃ³pata como presidente, como han hecho los argentinos.La CELAG publica los datos econÃ³micos del primer mes de Milei en la presidencia argentina - Diario Redhttps://diariored.canalred.tv/america-latina/la-celag-publica-los-datos-economicos-del-primer-mes-de-milei-en-la-presidencia-argentina/",0
111753936109422398,ravi,So the kids are completely hooked on Stillwater on ï£¿TV+. Great family entertainment ğŸ‘Œ.,0
111753936101547482,UkeBLCatboy,"Always keep on data so google knows where I am and travel, otherwise I don't get a nice timeline xDJust arrived at the zoo/garden. 4 hours should be plenty to see (almost) everything, and then hour break and then lantern festival (which is in the zoo).Chinese state media was satisfied in their review, so are visitor reviews, so it must be good. But first, animals ;3",0
111753936094007878,RandomBaywatch,"#DavidHasselhoff Season 8 Episode 6 ""Lifeguard Confidential""#RandomBaywatch #lvdlpx #Baywatch #LifeguardConfidential",0
111753936092024764,wonuwo_kinsei,å¿ƒãŒç–²ã‚Œã¦ã„ã‚‹ã®ã‹çŸ¥ã‚‰ã‚“ãŒã€æœ€è¿‘è¦ªã¨ä¸€ç·’ã«å­¤ç‹¬ã®ã‚°ãƒ«ãƒ¡è¦³ã¦ã‚‹æ¡ˆå¤–ãŠã‚‚ã‚ã„,0
111753936048244962,BlueRayi,å½“æ™‚ä¸­å›½ã«å±…ãŸãƒ¯ãƒ‹ã¯ã©ã†ãªã‚“ã ,0
111753936039265528,feliuru14,Hoy es domingo de  iron maiden,0
111753936039043199,codepo8,Apparently big layoffs (up to 20%) coming to Pixar. Cited reason is Disney+ profitability.  https://techcrunch.com/2024/01/11/as-disney-pushes-towards-streaming-profitability-pixar-to-undergo-layoffs-in-2024/,0
111753935996670465,my24group,Î™ÏƒÏÎ±Î·Î»Î¹Î½ÏŒÏ‚ ÏƒÏ„ÏÎ±Ï„ÏŒÏ‚: Î£ÎºÎ¿Ï„ÏÏƒÎ±Î¼Îµ Ï„Î­ÏƒÏƒÎµÏÎ¹Ï‚ Î¼Î±Ï‡Î·Ï„Î­Ï‚ Ï€Î¿Ï… Ï€ÏÎ¿ÏƒÏ€Î¬Î¸Î·ÏƒÎ±Î½ Î½Î± Î´Î¹ÎµÎ¹ÏƒÎ´ÏÏƒÎ¿Ï…Î½ Î±Ï€ÏŒ Ï„Î¿Î½ Î›Î¯Î²Î±Î½Î¿on 14. January 2024 at 10:15 https://my24group.com/israilinos-stratos-skotosame-tesseris-machites-poy-prospathisan-na-dieisdysoyn-apo-ton-livanoon-14-january-2024-at-1015/ Î™ÏƒÏÎ±Î·Î»Î¹Î½Î¿Î¯ ÏƒÏ„ÏÎ±Ï„Î¹ÏÏ„Îµ&siâ€¦,0
111753935970646574,iembot_mqt,"#MQT issues Hazardous Weather Outlook (HWO) at Jan 14, 5:48 AM EST https://mesonet.agron.iastate.edu/p.php?pid=202401141048-KMQT-FLUS43-HWOMQT",0
111753935953611057,moikai,æ¥ãšã‹ã—ã„,0
111753935938415557,my24group,"ÎœÎ±ÏÎ¹Î½Î¬ÎºÎ·Ï‚: Î£Ï„ÏŒÏ‡Î¿Ï‚ Î¼Î±Ï‚, 950 ÎµÏ…ÏÏ Î¿ ÎºÎ±Ï„ÏÏ„Î±Ï„Î¿Ï‚ ÎºÎ±Î¹ 1500 ÎµÏ…ÏÏ Î¿ Î¼Î­ÏƒÎ¿Ï‚ Î¼Î¹ÏƒÎ¸ÏŒÏ‚on 14. January 2024 at 10:25 https://my24group.com/marinakis-stochos-mas-950-eyro-o-katotatos-kai-1500-eyro-o-mesos-misthoson-14-january-2024-at-1025/ Î“Î¹Î± Î¿ÏÎ¹Î¶ÏŒÎ½Ï„Î¹Î± Î¼Î­Ï„ÏÎ± ÏƒÏ„Î®",0
111753935927038694,Juliet_GXLa,ä¸­å›½4000å¹´ã®æ­´å²,0
111753935910918687,muhalifcomtr,"Kar bekleyen Ä°stanbullularÄ± Ã¼zecek haber AKOM'dan geldi: Ä°stanbul BÃ¼yÃ¼kÅŸehir Belediyesi (Ä°BB) Afet Koordinasyon Merkezi (AKOM), sÄ±caklÄ±klarÄ±n bugÃ¼nden itibaren artarak gelecek hafta boyunca 11-15 derece aralÄ±ÄŸÄ±nda seyredeceÄŸinin tahmin edildiÄŸini bildirdi. http://sosyal.muhalif.com.tr/T1MSCG",0
111753935899861349,patvigier,#silentsunday,0
111753935883640505,my24group,ÎšÎ±Î»Î±Î¼Î¬Ï„Î±: Î‘Î¹Î¼Î±Ï„Î·ÏÎ® ÎµÏ€Î¯Î¸ÎµÏƒÎ· Î¼Îµ Î¼Î±Ï‡Î±Î¯ÏÎ¹ 16Ï‡ÏÎ¿Î½Î¿Ï… ÏƒÎµ 42Ï‡ÏÎ¿Î½Î¿ â€“ Î†Ï†Î±Î½Ï„Î¿Ï‚ Î¿ Î±Î½Î®Î»Î¹ÎºÎ¿Ï‚ Î´ÏÎ¬ÏƒÏ„Î·Ï‚on 14. January 2024 at 10:47 https://my24group.com/kalamata-aimatiri-epithesi-me-machairi-16chronoy-se-42chrono-afantos-o-anilikos-drastison-14-january-2024-at-1047/ ÎˆÎ½Î± Î±ÎºÏŒÎ¼Î· Î±Î¹Î¼Î±Ï„Î·ÏÏŒ Ï€ÎµÏÎ¹&sigâ€¦,0
111753935875137946,yamasita,æ°´ã«ã“ãŠã‚ŠãŒé€šã‚‰ãªã„ç†å±ˆãŒã„ã¾ã ã«ç´å¾—ã§ãã¦ãªã„ã‹ã‚‰ãšã£ã¨æ°´ã‚¿ã‚¤ãƒ—ã«ã‚°ãƒ¬ã‚¤ã‚·ã‚¢å‡ºã—ã¦ã‚‹,0
111753935839391162,my24group,Î£Ï„Î¿ Â«ÏƒÏ†Ï…ÏÎ¯Â» Î­ÏÎ³Î± Î±Ï€ÏŒ Ï„Î¿ Î±ÏÏ‡ÎµÎ¯Î¿ Ï„Î¿Ï… Î“Î¹Î¿ÏÎ³Îº Î£Î­Î»Î¼Î±Î½on 14. January 2024 at 9:55 https://my24group.com/sto-sfyri-erga-apo-to-archeio-toy-giorgk-selmanon-14-january-2024-at-955/ Î ÎµÏÎ¹ÏƒÏƒÏŒÏ„ÎµÏÎ±â€¦Read More,0
111753935810441418,farhanrashad,"https://twitter.com/i/status/1746268356091789699/video/1 Join Imran Khan's movement towards progress and prosperity, visualizing a Pakistan led by unwavering, honest, and accountable leaders. #Ø§Ù†ØªØ®Ø§Ø¨ÛŒ_Ù†Ø´Ø§Ù†_Ø¹Ù…Ø±Ø§Ù†_Ø®Ø§Ù† @TeamiPians @farhanrashad",0
111753935798285106,my24group,Europe wants to Trump-proof in case of a second term. But that is not an easy task | CNNon 14. January 2024 at 10:00 https://my24group.com/europe-wants-to-trump-proof-in-case-of-a-second-term-but-that-is-not-an-easy-task-cnnon-14-january-2024-at-1000/ Former US President Donald TrumpÂ briefly returned as aÂ central character in European politics earlier this week.,0
111753935771701019,Urox,ãªã‚‹ã»ã‚ã€œ,0
111753935762588622,inaba_benibana,ã‚µãƒƒãƒãƒ­ã‚¯ãƒ©ã‚·ãƒƒã‚¯,0
111753935756049564,my24group,Swedish group uses discarded Christmas trees as marine habitats | CNNon 14. January 2024 at 10:46 https://my24group.com/swedish-group-uses-discarded-christmas-trees-as-marine-habitats-cnnon-14-january-2024-at-1046/ Read More,0
111753935732645523,Deiru,This game is NOT about to pull a Nisekoi on me.,1
111753935719235579,my24group,Volcano erupts in southwest Icelandon 14. January 2024 at 10:20 https://my24group.com/volcano-erupts-in-southwest-icelandon-14-january-2024-at-1020/ It is the fifth eruption in Icelandâ€™s southwest Reykjanes peninsula since 2021.Read More,0
111753935709869226,yyhsphp,ä½“èª¿çµ‚ã‚ã‚Šã™ãã¦ã¦æ‰‹ãŒã‚¬ãƒƒã‚¯ã‚¬ã‚¯ãµã‚‹ãˆã¦ã¦ãƒ¤ãƒ´ã‚¡ã‚¤,0
111753935695724100,Sasamipyan_VTuber,ã„ã¤ã‚‚é–‹å¹•ã‹ã‚‰3GCDãã‚‰ã„ã§ã‚·ãƒŠã‚¸ãƒ¼æ¥ã¦ãƒãƒ¼ã‚¹ãƒˆã®ã‚¤ãƒ¡ãƒ¼ã‚¸ãªã‚“ã ã‘ã©ã€ãƒ–ãƒ©ãƒƒãƒ‰ã‚¦ã‚§ãƒãƒ³ã§1åˆ†æ¸¬ã‚‹ã¨ã¿ã‚“ãªã‚ˆã‚Š10ç§’æ—©ããªã£ã¡ã‚ƒã†æ„Ÿã˜æ°—æŒã¡æ‚ªã„ãª,0
111753935667727500,my24group,214 Millionen Passagiere reisten in der TÃ¼rkei mit dem Flugzeug â€“ HÃ¼rriyet Reiseon 14. January 2024 at 10:09 https://my24group.com/214-millionen-passagiere-reisten-in-der-turkei-mit-dem-flugzeug-hurriyet-reiseon-14-january-2024-at-1009/ Read More,0
111753935667698523,mahrko,"Auch die DB-Auskunft hat den Umstieg an Werktagen korrekt drin. Dann versteh ich nur nicht, warum am so wichtigen Umstiegspunkt in Luzenberg kaum Schilder waren. Oder der Busfahrer hat uns auch noch an der falschen Ecke rausgeworfen. Who knowsâ€¦ ğŸ˜„",0
111753935639473912,Equinox,Their cheesecake was also really good ovo,0
111753935630177062,my24group,Turkish parliamentary delegation urges quick process in ICJ caseon 14. January 2024 at 8:40 https://my24group.com/turkish-parliamentary-delegation-urges-quick-process-in-icj-caseon-14-january-2024-at-840/ A Turkish parliamentary delegation that is following the South African genocide case against Israel urged for the process â€¦,0
111753935594974767,mole_1986,ï¾ï½¯,0
111753935578948450,awapoyo,ç›®è–¬ã†ã¾ã„ã²ã¨ã£ã¦æ­£é¢å‘ããªãŒã‚‰ç›®é ­ã«ã•ã™ã‚ˆã­çœŸä¸Šã‚€ã‹ãªã„ã¨ã‚€ã‚Šãªã‚“ã ã‘ã©,0
111753935578583061,G,ãªãŠã‚¯ã‚½ã¾ã¨ã‚‚ã«å‡ã—ã‚‚ã›ãšãã®ã¾ã¾é›‘ãªèˆ—è£…ã—ãŸã›ã„ã§ã‚¸ãƒ£ãƒ³ãƒ—ã—ã¦ã‚‹æ¨¡æ§˜ã‚¤ãƒ³ãƒ‰ãƒã‚·ã‚¢ã‚¨ã‚°ã„ã‚,0
111753935574206036,STA_English,Slovenia in second round of handball championship https://sta.si/3256671,0
111753935486900037,mahrko,"Auch die DB-Auskunft hat den Umstieg an Werktagen korrekt drin. Dann versteh ich nur nicht, warum am so wichtigen Umstiegspunkt in Luzenberg kaum Schilder waren. Oder der Busfahrer hat uns auch noch an der falschen Ecke rausgeworfen. Who knowsâ€¦ ğŸ˜„",0
111753951334131373,Azukyuda,å³æ‰‹ã‚‚ã˜ã‚ƒã­ãƒ¼ã‹,0
111753951298251061,tendanceradio,En ce moment sur Tendance Radio Hits : Dancing With A Stranger par Sam Smith ! Branchez-vous maintenant : https://srv.tendanceradio.net/public/t-hits,0
111753951295548029,itsukinohito,ãƒ¡ãƒ³ã£ã¦ã‚‰,0
111753951221743100,hongeipi,ãƒãƒªãƒ™ãƒ«ã¨7ä¸»ã¯ä»–ä½œå“ã§ã‚‚ã¿ãŸã„ãã‚ˆ,0
111753951203142213,rimOxO,åŒç¥¨ãªã£ã¡ã‚ƒã£ãŸ,0
111753951078802496,levelbot,current sideburn levels are 44%(44%)  â– â– â– â– â–¡â–¡â–¡â–¡â–¡â–¡,0
111753951044449341,gutslyricsbot,bleedin' me dry like a goddamn vampire,1
111753951040227434,FvA,â’¶É´á´€Ê€á´„Êœá´_á´‹Ê€á´€É´á´›Een â€˜Blijde Boodschapâ€™ â€¦Anarchie !#LibertaireordeWordpressCom https://libertaireorde.wordpress.com/2024/01/14/een-blijde-boodschap-anarchie/,0
111753951033693012,vegan4alivingplanet,30 minutes of a problem in the Red Sea and suddenly - a ceasefire is preferable. https://www.instagram.com/reel/C10ASTqNKyp/?igsh=MTc4MmM1YmI2Ng==,0
111753951031481950,Got9s,ã‚„ã‚ã€‚,0
111753951031359515,my24group,"Schweiz: â€Enges SegensverstÃ¤ndnis wird erweitertâ€œ https://my24group.com/schweiz-enges-segensverstandnis-wird-erweitert/ Der Theologe Stephan Leimgruber wÃ¼rdigt die Vatikan-ErklÃ¤rung â€Fiducia Supplicansâ€œ, die die Segnung gleichgeschlechtlicherâ€¦",0
111753951001936431,shounan1s1sasaki,#AIArtworks ãŠã‚„ã™ã¿ç”·å­ã§ç™ºæ³¨ã—ã¾ã—ãŸãŠã‚„ã™ã¿ãªã•ã„,0
111753950958642629,EUintheGCC,"RT by @EUintheGCC: ""ÙƒØ´Ù Ø§Ù„Ù…ØªØ­Ø¯Ø« Ø¨Ø§Ø³Ù… Ø§Ù„Ø§ØªØ­Ø§Ø¯ Ø§Ù„Ø£ÙˆØ±ÙˆØ¨ÙŠ Ù„ÙˆÙŠØ³ Ù…ÙŠØºÙŠÙ„ Ø¨ÙˆÙŠÙ†ÙˆØŒ Ø£Ù† ÙˆØ²Ø±Ø§Ø¡ Ø§Ù„Ø§ØªØ­Ø§Ø¯ Ø§Ù„Ø£ÙˆØ±ÙˆØ¨ÙŠ Ø³ÙŠÙ†Ø§Ù‚Ø´ÙˆÙ† ÙÙŠ Ø§Ø¬ØªÙ…Ø§Ø¹Ù‡Ù… ÙŠÙˆÙ… 22 ÙŠÙ†Ø§ÙŠØ±ØŒ ØªØ¯Ø§Ø¹ÙŠØ§Øª Ø§Ù„Ø­Ø±Ø¨ ÙÙŠ ØºØ²Ø© ÙˆØ¶Ø±ÙˆØ±Ø© Ø­Ø´Ø¯ Ø§Ù„Ù…Ø¬ØªÙ…Ø¹ Ø§Ù„Ø¯ÙˆÙ„ÙŠ Ù…Ù† Ø£Ø¬Ù„ Ø¥Ø­Ù„Ø§Ù„ Ø§Ù„Ø³Ù„Ø§Ù… ÙÙŠ Ø§Ù„Ù…Ù†Ø·Ù‚Ø©""Ù…Ù‚Ø§Ø¨Ù„ØªÙŠ Ø¹Ù„Ù‰ Ø³ÙƒØ§ÙŠ Ù†ÙŠÙˆØ² Ø¹Ø±Ø¨ÙŠØ©: https://shorturl.at/dgZ29 ğŸ¦ğŸ”—: https://nitter.cz/EUinArabic/status/1746473824135082415#m[2024-01-14 10:06 UTC]",0
111753950884186826,slips,"738 saturday is joever, long live 738 sunday",0
111753950884127636,laxxvora,"Il brano ""You & I in the Gap"" di Coilguns e Birds in Row Ã¨ stato aggiunto alla playlist ROUGHED#Coilguns #BirdsinRow #playlist #ROUGHEDhttp://laxxvora.info/2024/01/14/you-i-in-the-gap-di-coilguns-birds-in-row-in-playlist-roughed-%f0%9f%92%a5%f0%9f%a6%94/",0
111753950847740894,haku_655,ã„ã‹ã‚“çœ ã™ãã‚‹å¯ã‚‹æ˜æ—¥ã¯é›ªã‹ãã¨æ—©å‡ºã‹â€¦,0
111753950843177768,Sustainable2050,"UK nuclear power availability down to 3.45 GW, down from 4.66 GW at the start of the year. That's 59% of the 5.88 GW nuclear capacity that the country still has, in the middle of winter.https://www.spglobal.com/commodityinsights/en/market-insights/latest-news/electric-power/010824-hartlepool-outage-takes-uk-nuclear-availability-down-to-345-gw?s=09#NuclearPower #nuclearenergy",0
111753950836695884,cambskeptics,"It has gone viral, captured worldwide attention and been dubbed Welsh Tidy Mouse after being spotted on camera keeping a shed spick and span. But why is this meticulous mouse so keen on keeping things squeaky clean? Asks Antonia Matthews for BBC News. https://www.bbc.co.uk/news/uk-wales-67921442",0
111753950798815938,athkar3v,Ø±ÙØ¨ÙÙ‘Ù†ÙØ¢ Ø£ÙÙÙ’Ø±ÙØºÙ’ Ø¹ÙÙ„ÙÙŠÙ’Ù†ÙØ§ ØµÙØ¨Ù’Ø±Ù‹Ø§ ÙˆÙØªÙÙˆÙÙÙÙ‘Ù†ÙØ§ Ù…ÙØ³Ù’Ù„ÙÙ…ÙÙŠÙ†Ù,0
111753950798556528,acid_rain,æ¶²ã‚¿ãƒ–ã¨æ¿ã‚¿ãƒ–ã§ã¯é©æ€§ãŒå…¨ç„¶é•ã†ã‚“ã§ï¼Œãƒ‡ã‚¸ã‚¿ãƒ«çµµæãã¯ã©ã£ã¡ã‚‚ä½¿ã£ã¦ã¿ã‚‹ã¹ãã„ã¾ã¯æ˜”ã‚ˆã‚Šã‚‚æ¶²ã‚¿ãƒ–å®‰ããªã£ãŸã—ã­,0
111753950777496862,nepikohelp2,"ĞÑ‚ÑÑƒÑ‚ÑÑ‚Ğ²Ğ¸Ğµ ÑĞ¸Ğ» Ğ¼Ğ¾Ğ¶ĞµÑ‚ Ğ±Ñ‹Ñ‚ÑŒ Ğ¿Ñ€Ğ¸Ğ·Ğ½Ğ°ĞºĞ¾Ğ¼ Ğ¿Ñ€Ğ¾Ğ±Ğ»ĞµĞ¼ ÑĞ¾ Ğ·Ğ´Ğ¾Ñ€Ğ¾Ğ²ÑŒĞµĞ¼. ĞĞ¾ Ğ¸Ğ½Ğ¾Ğ³Ğ´Ğ° Ñ‡ĞµĞ»Ğ¾Ğ²ĞµĞº ÑƒĞ¼ÑƒĞ´Ñ€ÑĞµÑ‚ÑÑ Ñ‚Ñ€Ğ°Ñ‚Ğ¸Ñ‚ÑŒ Ğ±ĞµĞ·Ğ´Ğ½Ñƒ Ñ€ĞµÑÑƒÑ€ÑĞ¾Ğ² Ğ½Ğ° Ğ²Ğ½ÑƒÑ‚Ñ€ĞµĞ½Ğ½Ğ¸Ğ¹ ĞºĞ¾Ğ½Ñ„Ğ»Ğ¸ĞºÑ‚. Ğ’Ğ¾Ğ¹Ğ½Ğ° Ñ ÑĞ¾Ğ±Ğ¾Ğ¹ Ğ¾Ñ‡ĞµĞ½ÑŒ ÑĞ½ĞµÑ€Ğ³Ğ¾Ğ·Ğ°Ñ‚Ñ€Ğ°Ñ‚Ğ½Ğ°, Ğ° Ğ¿Ğ¾Ğ±ĞµĞ´Ğ¸Ñ‚ÑŒ Ğ² Ğ½ĞµĞ¹ - Ğ¿Ñ€Ğ¾Ğ¸Ğ³Ñ€Ğ°Ñ‚ÑŒ ÑĞ°Ğ¼Ğ¾Ğ¼Ñƒ ÑĞµĞ±Ğµ.src: https://t.me/nepikohelp2/1864",0
111753950768078501,115Thirdniigatacolor_n34,N34ã¯ã€ä»–ã®4æœ¬ã¨åŒã˜ãƒªãƒ‹ãƒ¥ãƒ¼ã‚¢ãƒ«ã‚’æ–½å·¥ã—ã¦ã„ã‚‹ã€‚,0
111753950757077825,115secondniigatacolor_N35,Nç·¨æˆã¯3æœ¬2000ç•ªå°ãŒã„ãŸã€‚2016å¹´ã«æ¶ˆãˆãŸã€‚,0
111753950734416724,digitalwitchcraft,this will happen againhttps://www.youtube.com/watch?v=9uWwvQKGjLI,0
111753950733681820,115niigata_n33,æœªæ›´æ–°ã¯ã¨ã¦ã‚‚è½ã¡ç€ã„ãŸè»Šå†…ã€‚,0
111753950719635874,115Lemonmilk_N36,æ–°æ½Ÿã¯ã€ãŸã£ãŸ8å¹´é–“ã®å­˜åœ¨ã ã£ãŸã•ã€‚é•·é‡ã¯32å¹´éã”ã—ãŸã€‚ã§ã‚‚ã€æ€ã„å‡ºã¯æ–°æ½Ÿã®æ–¹ãŒæ·±ã„ã€‚é•·é‡è‰²ã§æ–°æ½Ÿã§æµ®ã„ã¦ã€@115Thirdniigatacolor_n34 é”ã¨ä¸€ç·’ã«å¤§å®®ã§JKãƒ¯ã‚¤ãƒ‘ãƒ¼ã«ã•ã‚Œã€ãã—ã¦ãƒ¬ãƒ¢ãƒ³ç‰›ä¹³ã«è»¢ç”Ÿã—ãŸã€‚,0
111753950643761755,Reaper,ä»Šæ—¥ä¹…ã—ã¶ã‚Šã«ãƒ©ãƒ•ãƒ¬ã«è¡Œã£ãŸã‚‰222ãªã‚‹åº—ãŒå‡ºæ¥ã¦ã¦æ¥½ã—ã¿ãŒå¢—ãˆãŸ,0
111753950627243307,farcaller,"Continuing the thought â€“ nixos exposes a whole lot of various unfree bs in the systems under my supervision. When you need to enable unfree for the unifi controller it's expected, but when you have to do the same for vault it becomes an ""eh?"". A whole bunch of nice bits and pieces turned their licenses restrictive lately.",0
111753950586438807,iembot_pih,"PIH issues Wind Chill Watch valid at Jan 15, 2:00 AM MST for Beaverhead/Lemhi Highlands, Centennial Mountains/Island Park [ID] till Jan 15, 9:00 AM MST https://mesonet.agron.iastate.edu/vtec/f/2024-O-NEW-KPIH-WC-A-0002_2024-01-15T09:00Z",0
111753950570296553,iembot_pih,"PIH continues Winter Storm Warning for Bear Lake Valley, Bear River Range, Blackfoot Mountains, Caribou Range [ID] till Jan 14, 2:00 PM MST https://mesonet.agron.iastate.edu/vtec/f/2024-O-CON-KPIH-WS-W-0002_2024-01-14T10:58Z",0
111753950565659371,christoph,"Der Weg ist lang und schwer. Nicht immer fÃ¤llt das mit dem Glauben leicht. Wie lange noch? Lohnt es sich Ã¼berhaupt? Ein alter Brief bringt StÃ¤rkung fÃ¼r ein mÃ¼des, wanderndes Gottesvolk.https://christoph-fischer.de/predigt/noch-ein-schritt",0
111753950552360708,iembot_pih,"PIH cancels Winter Storm Warning for Eastern Magic Valley, Franklin/Eastern Oneida Region, Lower Snake River Plain, Marsh and Arbon Highlands, Raft River Region, Shoshone/Lava Beds, Southern Hills/Albion Mountains [ID] https://mesonet.agron.iastate.edu/vtec/f/2024-O-CAN-KPIH-WS-W-0002_2024-01-14T10:58Z",0
111753950530858803,iembot_pih,PIH cancels Winter Weather Advisory for Big Hole Mountains [ID] https://mesonet.agron.iastate.edu/vtec/f/2024-O-CAN-KPIH-WW-Y-0005_2024-01-14T10:58Z,0
111753950512710160,iembot_pih,"PIH cancels Winter Weather Advisory for Arco/Mud Lake Desert, Upper Snake River Plain [ID] https://mesonet.agron.iastate.edu/vtec/f/2024-O-CAN-KPIH-WW-Y-0005_2024-01-14T10:58Z",0
111753950511306445,matrixiotnet,2024.01.14 11:59:16 - RADIOACTIVITY: Hour:11 AVG: 30.448275862069 cpm MIN: 22 cpm MAX: 40 cpm - AVG: 0.19689 uSv MIN: 0.14 uSv MAX: 0.26 uSv,0
111753950490112230,geraldserai,#bfn #breakingfakenews #humour #brÃ¨ves #actualitÃ© #lettre #bouteilleÃ lamer #Ã©tatsunis #gironde #laposte Abonnez-vous !,0
111753950488578433,radke_diary2022,"Das ist besonders gelingenes Plakat, finde ich.https://demokrateam.org/demonstrationen/",0
111753950478557808,Telmina,3.11ãŒèµ·ããŸå¹´ã«ä»™å°ã«è¡Œã£ãŸã¨ãã«ã€å¤œã«ãªã£ã¦é£²é£Ÿåº—ãŒè»’ä¸¦ã¿é–‰ã¾ã£ã¦ã—ã¾ã£ãŸã‹ã‚‰ã€é§…ã§èª¿é”ã—ãŸç‰›ä¸¼å¼å½“ã‚’å¸°ã‚Šã«ä¹—ã£ãŸã“ã¾ã¡ã®ã‚°ãƒªãƒ¼ãƒ³è»Šã§é£Ÿã¹ãŸè¨˜æ†¶ãŒè˜‡ã£ã¦ã—ã¾ã£ãŸã€‚åŒ‚ã„ã‚­ãƒ„ã‹ã£ãŸã‚ã†ãªãã€‚,0
111753950441993494,testsfromthefuture,144: Earth Technologyhttps://www.testsfromthefuture.com/test/144Things are fine again! Just in time for the World's Fair.,0
111753950338950392,gogypsy,ĞĞ¾ ĞµÑÑ‚ÑŒ Ğ¸ Ñ…Ğ¾Ñ€Ğ¾ÑˆĞ¸Ğµ Ğ½Ğ¾Ğ²Ğ¾ÑÑ‚Ğ¸src: https://t.me/gogypsy/18964,0
111753950324834463,BrunoBellamy,Le chaud must go onâ€¦,1
111753950278234755,gogypsy,"ĞÑ‡ĞµĞ½ÑŒ Ğ¿Ğ¾ĞºĞ°Ğ·Ğ°Ñ‚ĞµĞ»ÑŒĞ½Ğ¾: ÑÑ‚Ğ½Ğ¸Ñ‡ĞµÑĞºĞ°Ñ Ğ±Ğ°Ğ½Ğ´Ğ° Ñ€ĞµĞºĞµÑ‚Ğ¸Ñ€Ğ¾Ğ² Ğ½Ğ° ÑÑ‚Ğ¾Ñ€Ğ¾Ğ½Ğµ Ğ¾Ğ±Ğ¼Ğ°Ğ½ÑƒÑ‚Ñ‹Ñ… Ñ€Ğ°Ğ±Ğ¾Ñ‡Ğ¸Ñ…, Ğ° Ñ€ÑƒÑÑĞºĞ°Ñ Ğ¾Ğ±Ñ‰Ğ¸Ğ½Ğ° - Ğ¼Ğ¾ÑˆĞµĞ½Ğ½Ğ¸ĞºĞ¾Ğ²src: https://t.me/gogypsy/18963",0
111753950244642524,jithin,à´ªàµà´¤à´¿à´¯ à´µàµ¼à´·à´‚...à´¤àµà´Ÿà´•àµà´•à´‚ à´—à´‚à´­àµ€à´°à´®à´¾à´µà´£àµ‡ğŸ˜Œ,0
111753950244607664,blackbgcolor97,ã ã‹ã‚‰ã€å†…è¦‹ã§ãã‚ŒãŒãªã‹ã£ãŸã‚‰ã€NGåˆ¤å®šã¨ãªã‚‹ã“ã¨ã«ãƒ»ãƒ»ãƒ»,0
111753950204476557,Tae156,"(2/2) BTS started as young people talking about young people's problems, in a place & time where I'd have no reason to know they existed. They only crashed into our lives because their original 2020 plan was cancelled. So we too need to wait, BTS daughter has just bought stacks of stuff from Weverse, so I'll just hang around and see.. but I do prefer their older music, even though I'm their parents generation, perhaps I'm still that angry young person inside?",0
111753950184899219,mamo,è£åˆ¤ã—ã¾ã—ã‚‡ã†ã€‚,0
111753950090952914,fuba_recorder,ã€ã‚¶ï¼é‰„è…•ï¼ï¼¤ï¼¡ï¼³ï¼¨ï¼ï¼â–½å¤§è¿«åŠ›!!ç¾½ç”°ç©ºæ¸¯å‰ã®æµ·ã§ç‹™ã†ã¯æ—¬ã®å·¨å¤§é­šã€Œå†¬ã®ç‹æ§˜ã€[å­—]ã€ã‚’éŒ²ç”»ã—ã¾ã—ãŸã€‚HDDã¯æ®‹ã‚Š1TBã§ã™,0
111753950068802699,tramboline,"Christie Brinkley looks â€˜half her ageâ€™ in tiny white swimsuit weeks before 70th birthday | Celebrity News | Showbiz &Â TVFormer supermodel Christie Brinkley has been showing off her ageless beauty in a tiny white swimsuit, ahead of her 70th birthday. The star, who first rose to fame in the 1970s, shared a stunning photo on Instagram from her holiday in Turks and Caicos. Sheâ€™ll be reaching her seventh decade in just a few weeksâ€™ time, on Friday, February 2.https://www.tramboline.com/christie-brinkley-looks-half-her-age-in-tiny-white-swimsuit-weeks-before-70th-birthday-celebrity-news-showbiz-tv/",0
111753950046260239,nezuko_2000,ã¨ã„ã†ã‹ã€èˆ—è£…ã‚‚ç²—æœ«ãªä¸Šã«éç©è¼‰ãŒãƒˆãƒ‰ãƒ¡ã‚’åˆºã—ã¦æ•°å¹´ã§è·¯é¢ãŒã‚ºã‚¿ãƒœãƒ­ã«ãªã‚‹èª¬,0
111753950033515616,janverschoor,#wijsheidvandedag,0
111753950008100253,govtworld,Job In JCU Community Service Religious Life & Multiculturalism Office Assistant university in RomeÂ Â ItalyÂ Â 2024,0
111753949999136192,pg,ã€å´©å£Šã‚¹ã‚¿ãƒ¼ãƒ¬ã‚¤ãƒ«ã€‘åˆƒã®ãƒ“ãƒ«ãƒ‰å¹…ãŒãƒ«ã‚¢ãƒ³ã‚„é¡æµã§å¢—åŠ ï¼é‹ç”¨æ³•/å…‰å††éŒ/éºç‰©/ã‚ªãƒ¼ãƒŠãƒ¡ãƒ³ãƒˆ/ç†æƒ³ã‚¹ãƒ†/ã‚ªã‚¹ã‚¹ãƒ¡PTã‚’ç´¹ä»‹ https://www.playing-games.com/57186/ #Honkai #Honkai:StarRail #StarRail #starrail #ã‚¹ã‚¿ãƒ¼ãƒ¬ã‚¤ãƒ« #å´©å£Š #å´©å£Š:ã‚¹ã‚¿ãƒ¼ãƒ¬ã‚¤ãƒ«,0
111753949975587539,hongeipi,7ã¯ä¼šè©±æ©Ÿèƒ½ãŒå„ªç§€ã‚­ãƒ£ãƒ©ã«æ„Ÿæƒ…ç§»å…¥ã—ã‚„ã™ã„ã‚ã¨ä¸»äººå…¬ã¨ãƒãƒªãƒ™ãƒ«ã®çµ¡ã¿ãŒã™ã,0
111753949968884887,ScienceAlert,What Would Happen if All The Fish in The Ocean Disappeared?https://www.sciencealert.com/what-would-happen-if-all-the-fish-in-the-ocean-disappeared?utm_source=flipboard&utm_medium=activitypub Posted into Naturehttps://flipboard.com/@sciencealert/nature-07r4nfldz?utm_source=flipboard&utm_medium=activitypub ,0
111753949956910539,fuba_recorder,ã€ã‚¤ãƒƒãƒ†ï¼±ï¼å†¬ã®æ¸©æ³‰åŒå¥½ä¼šä¸€èŠ¸åˆå®¿ã‚¹ãƒšã‚·ãƒ£ãƒ«ï¼å¥³èŠ¸äººç·å‹¢ï¼‘ï¼’äººã§ã‚ªã‚«ãƒªãƒŠå¤§åˆå¥[å­—]ã€ã‚’éŒ²ç”»ã—ã¾ã™ã€‚,0
111753949936472495,Dojave_Nina,ã¾ã‚“ã˜ã‚…ã†ã•ã‚“ã¯è‰²ã€…å–‹ã£ã¦ãã‚Œã‚‹ã®ã§å±…ã‚‹ã ã‘ã§ãŠğŸ‰â€¼ï¸ï¼ˆããå¤±ç¤¼ï¼‰,0
111753949884953489,idiotbusiness,"""Laciniations, schmaciniations! I've got a gold mine of a business idea right here - 'Food Trucks for Fingers'! Think about it, folks. Tiny trucks tailored to your fingers with gourmet grub at your fingertips! ğŸ˜‚ #FutureOfFingerFood #FingerTrucks #LaciniationLovers"" #BusinessIdea #Business #Ai #Llm #LlaMA2",0
111753949851753921,ivar_grimstad,Hashtag Jakarta EE number 211 is out!Read about my upcoming visits to Java User Groups and an update on current discussions of Jakarta EE 11.#JakartaEE #EclipseFoundation #Communityhttps://www.agilejava.eu/2024/01/14/hashtag-jakarta-ee-211/,0
111753949850365197,sakuyamochi,é•·ã•æƒãˆã‚‹æ™‚é–“ã®2å€ãã‚‰ã„é«ªã®æ¯›ç©ºã‹ã‚Œã‚‹ã‹ã‚‰ãª,0
111753949842709527,fossilesque,Climate Justice Instructional Toolkit | Supplemental Resources | MIT OpenCourseWarehttps://mander.xyz/post/8436720,0
111753949830930948,jackhutton,"We should not expect a common understanding between the West and Russia on European security to emerge anytime soonâ€”and certainly not as part of a negotiated agreement that would at least partially reward Russia for its dismemberment of Ukraine. It is therefore necessary to envisage a future European security order not with Russia but against it, aimed at deterring further Russian threats and defending European democracies against the Kremlinâ€™s authoritarian, revisionist & imperialist ambitions.",1
111753949811008131,Brit_In_Moldova,"https://icds.ee/en/the-moment-of-truth/Instead of leading, the United States has become the epicentre of ambivalence. Even before President Bidenâ€™s 31 May 2022 New York Times article (â€˜What America Will and Will Not Do in Ukraineâ€™), its policy was hobbled by self-imposed constraints.",0
111753949800185380,europesays,https://www.europesays.com/1001642/ About 30 countries ready to establish security partnership with Ukraine â€“ PM Shmyhal. [article] #Ukraine,0
111753949782239758,kleinheld,"Spannende Geschichte und schÃ¶n erhalten diese Fahrzeuge ein zweites Leben. Jetzt muss ich wohl mal nach Guinea reisen, um die alten Freiburger KÃ¼sse zu entdecken. ğŸ¤“ğŸ’¬ via @adfichter: https://chaos.social/@adfichter/111753668175629335",0
111753949748501572,armeline,Ouffff ! J'ai rÃ©ussi Ã  changer mes draps. Avec mes deux vertÃ¨bres fracturÃ©es c'Ã©tait pas de la tarte. Vivement mercredi et la cimentoplastie. ğŸ¤”,0
111753949729623116,ImbibeCoffeeRoasters,Today I shall mostly be drinking this and listening to #Gillaband #coffeeandmusic #drinkgoodcoffee,0
111753949695949212,amitmuthaps,Computer Repair Services Available,0
111753949667453615,Got9,è¿‘é‰„ã«é–¢ã—ã¦ã¯å¾…ã£ã¦ã„ã‚Œã°è‰²ã€…æ¥ãã†ã ã‚ˆãªã€‚,0
111753949645959269,conansysadmin,A #cybersecurity warrior can benefit by studying conflicts of earlier times. https://cromwell-intl.com/cybersecurity/history/?s=mc,0
111753949643947820,evelyn_jotd,"Î‘Ï…Ï„Î¬ Ï„Î± Î³Ï…ÏÎ¯ÏƒÎ¼Î±Ï„Î± Ï€Î¿Ï… Î­Ï‡ÎµÎ¹ Î¿ ÎºÎ±Î¹ÏÏŒÏ‚, ÎµÎ³Ï Ï„Î± Ï€Î±Î¸Î±Î¯Î½Ï‰ Î¼Îµ Ï„Î¿ Î¼Î¬Ï„Î¹ Ï€Î¬Î½Ï„Ï‰Ï‚  ğŸ¤”",0
111753949636964452,renn,2æœˆé ­ã®ã‚¤ãƒ™ãƒ³ãƒˆã¯å¤šåˆ†ãƒ€ã‚·ãƒ§ç®±ã‚¤ãƒ™ã®é¡ãã‚“ãƒãƒŠãƒ¼ã€‚æ˜Ÿï¼”ã¯ã€é¡ãã‚“ã¨ãƒãƒãƒ£ã‚·ãƒ³ã©ã£ã‹ã¨å€‹äººçš„ã«ã¯å¯§ã€…ã¡ã‚ƒã‚“ã‹ãªã£ã¦æ€ã†ä»Šæœˆæœ«ï¼ˆãƒ“ãƒ“ãƒã‚¹WLå¾Œï¼‰ã®æ··åˆã¯ãƒªã‚¢å‹ãŒãˆã‚€ã¡ã‚ƒã‚“ã¨ã‹è¨€ã£ã¦ãŸã€‚ãˆã‚€ã¡ã‚ƒã‚“ã˜ã‚ƒãªã‹ã‚ã†ãŒå¤šåˆ†å®®å¥³ã¨ã‹ã‹ãªã‚ã¨ã‹ã¯æ€ã£ã¦ãŸã‚Šã™ã‚‹ã¦ã‹ã€ã‚ã£ã¡ã‚ƒåˆæœŸã«å®®å¥³ã®ä½“è‚²ç¥­ã‚¤ãƒ™ã‚ã£ãŸã—ã€2å›ç›®ã®ä½“è‚²ç¥­ã‚¤ãƒ™ã§ã‚‚ã„ã„ã‚“ã ã‚ˆãªã‚,0
111753949615645917,tomo19,éƒ½å¿ƒã«åƒãã«è¡Œã£ã¦ã‚‹äººã¨ã‹ã©ã†ã™ã‚‹ã‚“ã ã‚ï¼Ÿå¤§ãã„ä¼šç¤¾ã£ã¦å‚™è“„ã—ã¦ã‚‹ã‚‚ã‚“ãªã®ï¼Ÿ,0
111753949586641829,Iron__Spider,ã€ãƒ™ãƒƒã‚«ãƒ  PLå…¨FKã‚´ãƒ¼ãƒ«é›†ã€‘90~00å¹´ä»£ã‚’å¸­å·»ã—ãŸã‚¤ãƒ³ã‚°ãƒ©ãƒ³ãƒ‰ã®â€è²´å…¬å­â€ãƒ‡ãƒ¼ãƒ“ãƒƒãƒ‰ãƒ»ãƒ™ãƒƒã‚«ãƒ ã®ä»£åè©ã§ã‚‚ã‚ã‚‹ãƒ•ãƒªãƒ¼ã‚­ãƒƒã‚¯ï¼ãƒ—ãƒ¬ãƒŸã‚¢ãƒªãƒ¼ã‚°ã§æ±ºã‚ãŸå…¨18ã‚´ãƒ¼ãƒ«ã‚’ãƒ—ãƒ¬ã‚¤ãƒãƒƒã‚¯ï¼https://youtu.be/oKXLrJx3oDA?si=MUd4P_th-xUX1vr6,0
111753949572469400,iembot_dlh,#MNwx #MNweather430 FLUS43 KDLH 141054HWODLHHazardous Weather OutlookNational Weather Service Duluth MN454 AM CST Sun Jan 14 2024MNZ010>012-018>021-025-026-033>038-WIZ001>004-006>009-151100-Koochiching-North St. Louis-Northern Cook/Northern Lake-North Itasca-Central St. Louis-Southern Lake/North Shore-Southern Cook/North Shore-North Cass-South Itasca-South Cass-Crow Wing-Northern Aitkin-South Aitkin-C https://mesonet.agron.iastate.edu/p.php?pid=202401141054-KDLH-FLUS43-HWODLH,0
111753949559871266,theridgebikedaily,"o, nowy zawodnik na szwedzkim rynku. fajnie siÄ™ zapowiada :-) https://www.ecoride.se/elcykel/alla-modeller/loader/loader-421-ladcykel-2hjul-carobike/",0
111753949558374479,bastetandptah,After Work (2018) by Pachu M Torres #nsfw #eroticart #sexual,0
111753949558089954,thetalemon,AWSã®è©¦é¨“ã€ã‹ãªã‚Šã„ã„å€¤æ®µã™ã‚‹ãªâ€¦â€¦â€¦â€¦â€¦â€¦â€¦â€¦â€¦â€¦â€¦â€¦https://dev.classmethod.jp/articles/examination-fee-202404/,0
111753949535311744,intamixx,#NowPlaying : Northern Lights Feat Banger - Mr & Mrs (Wizzy Wiz Remix) https://radio.intamixx.uk #listenlive #desi #bhangra #punjabi,0
111753949511770895,Alice,å¯¿å¸ãã„ã¦ã‡ãƒ¼,0
111753949510527494,my24group,Î˜ÎµÏƒÏƒÎ±Î»Î¿Î½Î¯ÎºÎ·: Î‘Ï…Ï„Î¿ÎºÎ¯Î½Î·Ï„Î¿ Î­Ï€ÎµÏƒÎµ ÏƒÎµ Ï€Î±ÏÎºÎ±ÏÎ¹ÏƒÎ¼Î­Î½Î¿ ÏŒÏ‡Î·Î¼Î± ÎºÎ±Î¹ Î±Î½Î±Ï„ÏÎ¬Ï€Î·ÎºÎµ â€“ Î‘Ï€ÎµÎ³ÎºÎ»Ï‰Î²Î¯ÏƒÏ„Î·ÎºÎµ Î¿ Î¿Î´Î·Î³ÏŒÏ‚ https://my24group.com/thessaloniki-aytokinito-epese-se-parkarismeno-ochima-kai-anatrapike-apegklovistike-o-odigos/ Î”ÎµÎ¯Ï„Îµ Ï†Ï‰Ï„Î¿Î³ÏÎ±Ï†Î¯ÎµÏ‚source,0
111753949509499878,night_view_lover,ãƒŸãƒ¼ã«ã¯æ—¢å­˜ã®MAVIC3ã¨ã‚«ãƒ¡ãƒ©ãŒå¢—ãˆãŸä½ã«ã—ã‹é•ã„ãŒåˆ¤ã‚‰ãªã„ã‚“ã ãŒã€ãƒ—ãƒ­ãƒšãƒ©ã‚¬ãƒ¼ãƒ‰ãŒæµç”¨å‡ºæ¥ãªã„è¾ºã€å¾®å¦™ã«ã‚¢ãƒ¼ãƒ ãŒé•ã†ã‚‰ã—ã„ã€‚ã‚ãƒ»ãƒ»ãƒ»æ¨ªã«ã„ã‚‹ã®ã¯MAVIC3ã˜ã‚ƒãªãã¦Classicã®æ–¹ã ã‚ˆã€‚,0
111753949509137058,geraldserai,#bfn #breakingfakenews #humour #brÃ¨ves #actualitÃ© #attal #visite #chu #dijon #santÃ©mentale #ados Abonnez-vous !,0
111753949507367781,kaspian,"ATK:ta ja tekstinkÃ¤sittelyÃ¤, vÃ¤hÃ¤n tietosuojaa ja muuta (1986).https://areena.yle.fi/1-50169982#tietotekniikka",0
111753949478331293,bluecat,I feel like a fool.,0
111753949394919515,news4social,New Post: AP Week in Photos: Asia https://en.news4social.com/world/ap-week-in-photos-asia #world,0
111753949383285875,rovline,WinterglÃ¼ck im Hochschwarzwald,0
111753949357557856,Azukyuda,ma-1ã®è¢–ã®ãƒ¢ãƒ•ãƒ¢ãƒ•éƒ¨åˆ†ç ´ã‘ã¡ã‚ƒã£ãŸã€‚10å¹´ä»¥ä¸Šç€ã¦ã‚‹ã‹ã‚‰ã—ã‚ƒãƒ¼ãªã„ã€‚ä¿®ç†ã«å‡ºã•ãªãã‚ƒã€‚,0
111753949353969123,rottenkepkenchannel,"(Ğ¯ Ğ¼Ğ¾Ğ³Ñƒ Ğ¾Ğ±ÑŠÑÑĞ½Ğ¸Ñ‚ÑŒ Ğ² Ñ€ÑƒÑÑĞºĞ¾Ğ¼ Ğ¿Ğ°Ñ‚Ñ€Ğ¸Ğ¾Ñ‚Ğ¸Ğ·Ğ¼Ğµ Ğ²ÑÑ‘, ĞºÑ€Ğ¾Ğ¼Ğµ Ğ¾Ğ´Ğ½Ğ¾Ğ³Ğ¾ â€” ÑÑ‚Ñ€ĞµĞ¼Ğ»ĞµĞ½Ğ¸Ñ Ñ€ÑƒÑÑĞºĞ¾Ğ³Ğ¾ Ğ¿Ğ°Ñ‚Ñ€Ğ¸Ğ¾Ñ‚Ğ° Ğ¶Ğ¸Ñ‚ÑŒ Ğ¼Ğ°ĞºÑĞ¸Ğ¼Ğ°Ğ»ÑŒĞ½Ğ¾ ÑƒĞ½Ñ‹Ğ»Ğ¾.)src: https://t.me/RottenKepkenChannel/36943",0
111753949347151705,andro_abhi,"Giant Solar Farms May Warp Weather on The Other Side of The PlanetJanuary 14, 2024 at 11:31AMsciencealert.com/giant-solar-fâ€¦#ScienceAlert - The #Best in #Science #News and #Amazing #Breakthroughs #bot ",0
111753949295743887,sley,"ĞœĞ½Ğµ ÑĞµĞ³Ğ¾Ğ´Ğ½Ñ 2 Ñ€Ğ°Ğ·Ğ° Ğ¿Ñ€Ğ¸ÑĞ½Ğ¸Ğ»Ğ¾ÑÑŒ, Ñ‡Ñ‚Ğ¾ Ğ¼ĞµĞ½Ñ Ğ±Ğ¾Ğ¼Ğ±ÑÑ‚ :ablobcatpopcorn:",0
111753949293469494,pistacchio_verde,Un chirurgo britannico racconta lâ€™orrore vissuto negli ospedali di Gazahttps://www.lindipendente.online/2024/01/14/un-chirurgo-britannico-racconta-lorrore-vissuto-negli-ospedali-di-gaza/#LIndipendente #NickMaynard #gaza #crisiumanitaria,0
111753949241977867,kuvo_playlist,3:57am Godchild by Howard Roberts from Good Pickin's#HowardRoberts #Godchild #JazzNetwork #KUVO,0
111753949213753720,m_a,ã°ã‚ã¡ã‚ƒã‚“ãªã®ã‹ï½—,0
111753949182359107,array,Logicool options+ãŒæœ¬ä½“éƒ¨åˆ†ãŒãƒ€ã‚¦ãƒ³ãƒ­ãƒ¼ãƒ‰ã§ããªãã¦ã¤ã‚“ã ãŸã¾ã«ãƒ­ã‚¸ã‚¯ãƒ¼ãƒ«ã“ã‚Œã‚„ã‚‹ã‹ã‚‰å«Œã„ğŸ˜ ,0
111753949141129523,benoit,"Watched Taken (2008).Now I finally know the movie and not only the meme part: ... I will find you, and I will kill you.I didn't know it was a Luc Besson movie.Score: :)",0
111753949131380418,chrisstoecker,"Auch Hendrik WÃ¼st scheint mit das vielfach empirisch abgesicherte Konzept â€issue ownershipâ€œ nicht in seine strategischen ErwÃ¤gungen einzubeziehen: Wir brauchen keine â€Allianz der Mitteâ€œ, um die Themen der AfD zu bedienen. Sondern eine GEGEN die AfD. https://www.spiegel.de/politik/deutschland/hendrik-wuest-cdu-nrw-ministerpraesident-fordert-eine-allianz-der-mitte-in-der-migrationspolitik-a-3cc402e5-bad3-4a41-9fbf-22a8845d24be",0
111753949106525977,nSonic,"Mein Schwiegervater fragt: â€Gibt es fÃ¼r ipad ein #WLAN/Port SnÃ¼ffler. WÃ¼rde gern herausfinden was die chinesensoftware smart home fÃ¼r die Jalousien Steuerung so anstellt. Gibt keine Software fÃ¼r Windowsâ€œWenn also jemand eine #iOS Software kennt um irgendwie sinnvoll oder Ã¼berhaupt das lokale wlan zu protokollieren, gerne Tipps geben die ich dann weiterreiche. Danke ğŸ™",0
111753949099038490,StoutAmmo,ãã†ã„ãˆã°æ˜‡é™ã‚¨ã‚¹ã‚«ãƒ¬ãƒ¼ã‚¿ãƒ¼ã®ä¸Šã«éå¸¸å£ã ã‘ãŒã½ã¤ã‚“ã¨ã‚ã‚‹ã®ãŒãã‚‚ãã‚‚ç•°å¤‰ã§ã¯ï¼Ÿ,0
111753963057004107,repo,"ğŸ“¦ New Pull Request: ""Bump to 2023,\12.2 Develop""https://github.com/misskey-dev/misskey/pull/12992",0
111753963036617738,mbubu,å¥½å•¦ å±å­©æŒºä¹–åªæ˜¯æœ‰äº›ç™¼èªè©å’ŒèªåŠ©è©æ¯”è¼ƒé«’,0
111753962992229944,protiv,The Investigative Committee has opened a criminal case on abuse of authority over the fire at the Wildberries warehouse in St. Petersburg  https://theins.ru/news/268293,0
111753962963879096,kei_moreten,ãã†è€ƒãˆã‚‹ã¨ã‚·ãƒ¥ãƒ¬ãƒƒã‚¯ã‚„é•·ãƒã‚³ã£ã¦æ˜”ã®å¯“è©±ã‚’ãƒ¢ãƒãƒ¼ãƒ•ã«ä½¿ã£ã¦ç¾ä»£ã®å¯“è©±ã¨ã—ã¦å†æ§‹ç¯‰ã—ã¦ã‚‹ã‹ã‚‰ã™ã”ã„ãªãƒ‰ãƒªãƒ¯â€¦,0
111753962956030664,324cat,â–ˆ Taiwan tria marcar perfil enfront de la Xina en unes eleccions que han fet estranys aliats â–“â–’â–‘ Les eleccions al paÃ­s insular posen de manifest la tensa geopolÃ­tica de la regiÃ³ i certifiquen que vells enemics s'han convertit ara en aliats: la Xina comunista i el Kuomintang #324cat #taiwan #xina https://www.ccma.cat/324/taiwan-tria-marcar-perfil-enfront-de-la-xina-en-unes-eleccions-que-han-fet-estranys-aliats/noticia/3270769/?ext=MASTODON_ONLINE,0
111753962909773552,shiftdelete,UranÃ¼sâ€™Ã¼n nasÄ±l koktuÄŸu aÃ§Ä±klandÄ±ğŸ”— https://shiftdelete.net/uranus-nasil-kokuyor,0
111753962856122317,rollppang,â€‹:kr_yes:â€‹,0
111753962848764613,TheAthleticFC,Cape Verde's 25-man #AFCON2023 squad is drawn from 25 different clubs in 16 countries. So how does it work?  â–  Recruiting players on LinkedInâ–  Creole languageâ–  'Special' BebeğŸ“ @NickMiller79@twitter.comhttps://theathletic.com/5187070/?utm_mâ€¦,0
111753962842652142,kawaminami,ã•ã¦ã€å†¬ç·‘å¼ã§ä½œã£ãŸè¡¨æƒ…ã‚’ã€ãƒŸã‚ºã‚¿æ§˜ã®ä¼½ç¾…ãã‚“ã¨è‚¥å‰ãã‚“ã«ç§»ã—ã¦ã„ããŸã„ã€‚ä¸€ã¤æ°—ã‚’ä»˜ã‘ã¦ã‚‹ã“ã¨ãŒã‚ã£ã¦ã€ã¨ã†ã‚‰ã¶ãƒ¢ãƒ‡ãƒ«ã•ã‚“ã«ã¯ãã“ã¾ã§ã‚ªãƒ¼ãƒãƒ¼ãªå¤‰åŒ–ã‚’ä»˜ã‘ãªã„ã€‚ã‚¤ãƒ¡ãƒ¼ã‚¸ãŒã‹ã‘é›¢ã‚Œã¦ã—ã¾ã‚ãªã„ã‚ˆã†ã€‚å†¬ç·‘å¼å¼±è™«ãƒšãƒ€ãƒ«ã®ã‚­ãƒ£ãƒ©ã¯å…ƒã¯æ¼«ç”»ã®ãƒ‡ãƒ•ã‚©ãƒ«ãƒ¡ãŒåŠ¹ã„ã¦ã„ã¦ã€å…ƒã®çµµã¯ç›®ã‚‚å£ã‚‚ã‹ãªã‚Šå¤§ãã„ã€‚ãã‚Œã«åˆã‚ã›ã¦MMDãƒ¢ãƒ‡ãƒ«ã‚‚çœ‰ã®å‹•ãå¹…ã‚‚æ¼«ç”»å¼ã«å¤§ãã„ã‚“ã§ã€‚ãã‚Œã‚’ãã®ã¾ã¾ç§»æ¤ã—ã¦ã‚‚å½“ç„¶è¡¨æƒ…ã¯é•ã£ã¦ã„ã‚‹ã€‚ãã‚‚ãã‚‚ã®çµµæŸ„ãŒé•ã†ã¨ã„ã†ã®ã¯æ„è­˜ã—ã¦ãŠã‹ãªã„ã¨ã€‚ã¨ã†ã‚‰ã¶ãƒ¢ãƒ‡ãƒ«ã•ã‚“é”ã¯ãã“ã¾ã§çœ‰ã®ä¸Šä¸‹ã®å¹…ã¯å¤§ãããªã„ã€‚ãªã®ã«ãã“ã‚’å¤§ããã—ã™ãã¦ã‚‚è¡¨æƒ…ãŒå¤§ã’ã•ã«ãªã£ã¦ã‚­ãƒ£ãƒ©ã®ã‚¤ãƒ¡ãƒ¼ã‚¸ãŒå¤‰ã‚ã£ã¦ã—ã¾ã†ã®ã§ã€‚ã€Œãªã‚“ã‹ã€â—¯â—¯ãã‚“ã‚‰ã—ããªã„â€¦ï¼Ÿã€ã¨ã„ã†ã“ã¨ã¯ã‚ã£ãŸã®ã§ã€‚ãã“ã‚’è¸ã¾ãˆã¦ã€å°‘ã—ã§ã‚‚é¢ç™½ã¿ã®ã‚ã‚‹ã¨ã“ã‚ã€ãã®ãƒ‹ãƒ¥ã‚¢ãƒ³ã‚¹ã ã‘ã¯ç§»ã—ãŸã„ã€‚ä¸€å¿œã€ç§ãŒä»˜ã‘ãŸè¡¨æƒ…ã€ã¨ã„ã†ã‚‚ã®ã¯å‡ºã›ãŸã‚‰ã¨æ€ã†ã€‚,0
111753962774596277,RatsForWinston,An absolute classic this morning. So thick and hazy you need a lighthouse to navigate to the other side. Kyuss - Blues For The Red Sun.#nowplaying #vinyl,0
111753962772141132,taz,"Die Stadt Beverungen hat ein Protest-W gegen ein AtommÃ¼lllager in Ostwestfalen aufgestellt. Seit die PlÃ¤ne vom Tisch sind, feiert es eben den Sieg.#Anti-Atom-Bewegung #WÃ¼rgassen #SchachtKonrad #Stadtland #Alltag #Gesellschaft #SchwerpunktMahnmal gegen AtommÃ¼ll: Ein Festplatz fÃ¼r den Widerstand",0
111753962728593542,vegan4alivingplanet,White comfort over black survivalâ€¦ https://www.instagram.com/reel/C0tulgLuZSh/?igsh=MTc4MmM1YmI2Ng==,0
111753962722263322,dbuntinx,"Veel succes met het puzzelen richting zoâ€™n â€œklein kabinetâ€, dan. Je hebt even goed 4 partijen nodig, exact de weeffout die je de huidige regering verwijt. Geen enkele journalist die daarop doorvraagtâ€¦",0
111753962712033519,tvfix,Am 31.01.2024 wird das neue #PearlJam Album vorgestellt.,0
111753962707712717,bibliotieks,"OOrion â€‹est une application  et un exemple d'innovation qui aide les #DeficientsVisuels Ã  identifier, retrouver et localiser les objets et textes prÃ©sents dans leur environnement, avec la camÃ©ra de leur #smartphone Mettre cette application Ã  disposition des usagers peuvent leur Ãªtre utile pour se dÃ©placer en #autonomie dans une #bibliothÃ¨que. Cela peut aussi faire l'objet d'une animation de #sensibilisation #Aveugles #HandicapVisuel #technologie ğŸ‘‰ https://www.rcf.fr/actualite/linvite-du-1819-regional-rcf-en-aura?episode=438539&share=1",0
111753962691783101,manju,è‡ªåˆ†ã‚‚ãã®å†…ã®1äººãªã‚“ã‚„ãª,0
111753962690597095,kiri_bot01,ã•ã¦ã€ã“ã‚Œã¯ä½•/èª°ã§ã—ã‚‡ã†ã‹ï¼Ÿãƒ’ãƒ³ãƒˆï¼šâ—‹â—‹â—‹â—‹â—‹â—‹â—‹â—‹â—‹â—‹â—‹â—‹#ãã‚ŠãŸã‚“ã®ãƒ’ãƒ³ãƒˆã§ãƒ”ãƒ³ãƒˆ #exp15m,0
111753962658534023,Demokratie,https://vm.tiktok.com/ZGe6M8u9M/,0
111753962647840730,ethereal,ç»™è‡ªå·±ä¸€ä¸ªæœˆä¸€æ¬¡escape from real fucking worldçš„å€Ÿå£ï¼Œæ¥åˆ°Peter Pançš„wonderlandï¼Œå¬å°ç‹å­talkingï¼Œsingingå’Œactingã€‚ä»–å¸Œæœ›æˆ‘ä»¬å¢é•¿æ™ºæ…§ï¼Œè¿‡å¥½è‡ªå·±çš„real lifeï¼Œå­¦ä¼šåœ¨æªæ—å¼¹é›¨çš„æ®‹é…·ä¸­surviveå¹¶ä¸”èƒ½win winã€‚ä»–è¯´æœ‰å¤šä½™çš„é’±å¸Œæœ›æˆ‘ä»¬make life betterèƒœè¿‡ä¸ºä»–åšåº”æ´ï¼Œæˆ‘ä»¬çš„å¿ƒæ„ä»–éƒ½æ”¶åˆ°ï¼Œä»–çš„çˆ±æˆ‘ä»¬ä¹Ÿéƒ½æœ‰æ¥æ”¶ã€‚äºæˆ‘è€Œè¨€ä»–ä¸æ­¢æ˜¯idolè€Œæ˜¯life tutoräº†ï¼Œæˆ‘çˆ±ä»–æ‰€ä»¥æƒ³å˜æˆä»–å¸Œæœ›æˆ‘å˜æˆçš„æ›´å¥½çš„äººã€‚æ­¤æ—¶æ­¤åˆ»çœŸçš„å¥½æ„Ÿè°¢ä¸–é—´ä»²æœ‰ä¸€ä¸ªå¼ æ•¬è½©ã€‚,1
111753962622041020,dnewsdigest,Down to the Swirling Winter SeaÂ© Mike Stacey ğŸ‡¦ğŸ‡º ğŸ‡µğŸ‡±http://tinyurl.com/yfr4tcsbï»¿#bodyscapeï»¿ ï»¿#outdoors,0
111753962604081368,_racingnews365_,"VeeKay krijgt scheve blikken van concurrenten: ""Wordt gezegd dat Luyendyk partijdig is"" #IndyCar https://racingnews365.nl/veekay-krijgt-scheve-blikken-van-concurrenten-wordt-gezegd-dat-luyendyk-partijdig-isOriginal tweet: https://twitter.com/Racingnews365/status/1746487649035010164 14 Jan 2024 12:01 CET",0
111753962560338142,totemo_suteki,ãƒ¬ãƒ³ã‚¿ãƒ«åå­—æ¶ã„ã„ãªããªã¡ã‚ƒã‚“ã‚‚ä½¿ã£ã¦ã¿ãŸã„ğŸ˜š,0
111753962538950613,flaviusb,"""My Mentat name is VisiCalc""""Cause you're ancient?""""Yes, but unlike you Excel, I don't mangle dates""",0
111753962467739771,Goettinderjagd,Faszinierend wie lange eine Packung Salzstangen hÃ¤lt.,0
111753962422425288,ORF_Sport,Ski Alpin: Aleksander Aamodt Kilde ist nach seinem schweren Sturz in der Abfahrt von Wengen am Samstagabend in Bern an seinem verletzten Bein operiert worden. Der 31-JÃ¤hrige erlitt laut Angaben des norwegischen Verbandes eine tiefe Schnittwunde am Unterschenkel und zog sich auÃŸerdem eine Schulterluxation zu. https://sport.orf.at/stories/3121090/#_Sport #_SkiAlpinHerren,0
111753962374320534,dbuntinx,"Veel succes met het puzzelen richting zoâ€™n â€œklein kabinetâ€, dan. Je hebt even goed 4 partijen nodig, exact de weeffout die je de huidige regering verwijt. Geen enkele journalist die daarop doorvraagtâ€¦",0
111753962305192805,realTuckFrumper,Donald Trump Lights Up Vivek Ramaswamy Online on Saturday Night https://hillreporter.com/donald-trump-lights-up-vivek-ramaswamy-online-on-saturday-night?utm_source=dlvr.it&utm_medium=mastodon,0
111753962304205189,JANNA,ã‚²ãƒ¼ãƒŸãƒ³ã‚°ã—ãŸã„,0
111753962293211966,MoiraEve,"News about Iowa always puts me in a despondent mood. When I see how the â€œheartlandâ€ of our nation is rolling over big time for trumpâ€”that racist, misogynistic excuse for a human being. Thatâ€™s what they like? Then I have no respect for them. Once they nominate trump, the money spigot starts flowing his way.",0
111753962288206037,mohemohe,è¿½ã„ç„šããŒã§ãã‚‹å ´åˆã¯æ “ã®æ¤œçŸ¥ã‚‚ã™ã‚‹ã°ãš,0
111753962287132247,schnedan,"natÃ¼rlich noch nicht optimal: viele Motoren = viel Strukturgewicht, viel Luftwiderstand.Aber wahrscheinlich fÃ¼r einen ersten SchuÃŸ ein guter KompromissHier brauchts einfach mehr Energiedichte...Der Vorteil dÃ¼rfte sein, bei der Redundanz werden die HÃ¼rden einer Zulassung niedriger sein, das finanzielle Risiko Ã¼berschaubar.PS: mal wieder vorne mit dabei: Uni Delft!https://www.golem.de/news/luftverkehr-elektro-flieger-soll-800-kilometer-weit-fliegen-2401-181138.html#cmts",0
111753962286262773,cannaclub,The Midwestern Princess https://hightimes.com/culture/the-midwestern-princess/?utm_source=dlvr.it&utm_medium=mastodon #cannabis,0
111753962258031249,hbzr,ãƒ¯ã‚·ã‚‚è‡ªåˆ†ç”¨ã®è³‡æ–™ã¨ã—ã¦å¹´è¡¨è³‡æ–™ã‚’ä½œã‚‹æ™‚ãŒæ¥ãŸã‹â€¦â€¦,0
111753962252898456,wmassweatherbot,"â˜€ï¸ It's 29Â°F and clear. The weather over the next 12 hours will transition from being clear with a temperature of 29Â°F, to partly and mostly cloudy, becoming windy with flurries at 36Â°F, before returning to partly cloudy and clear with a temperature dropping to 27Â°F.",0
111753962249879209,farhanrashad,"https://twitter.com/i/status/1746473505183654158/video/1 Beyond borders, beyond biases, Imran Khan's vision for Pakistan extends a hand of peace and cooperation.#Ø§Ù†ØªØ®Ø§Ø¨ÛŒ_Ù†Ø´Ø§Ù†_Ø¹Ù…Ø±Ø§Ù†_Ø®Ø§Ù†#Ø¹ÙˆØ§Ù…_Ú©Ø§_Ù„Ø§ÚˆÙ„Ø§_Ø¹Ù…Ø±Ø§Ù† @TeamPakPower @farhanrashad",0
111753962236962322,NFL,"Packers vs. Cowboys wild card live updates and score: Odds, predictions, start time https://theathletic.com/live-blogs/nfl-wild-card-nfc-packers-cowboys-playoffs-updates/xjZUZUpVuGd4/",0
111753962229048764,Asahi,å¥½æ¶ˆæ¯å°±æ˜¯æ—¥è¯­æ°´å¹³ä»å½“å¹´æåŒå­¦å‡ºå»ç©å¥¹è¯´çš„å¥½å¤šè¯éƒ½å¬ä¸æ‡‚å˜æˆäº†ä»Šå¤©æå­¦éœ¸å¼Ÿä»–è¯´çš„è¯æˆ‘å‡ ä¹å…¨èƒ½å¬æ‡‚å¹¶ä¸”è¿˜èƒ½ç–¯ç‹‚è¾“å‡º......,0
111753962208524628,seilen_k,ã‚ã•ã‚Šé…’è’¸ã—æ¼å¸«é¢¨(ã‚ã‚“ã©ãã•ã„ã‹ã‚‰å¡©æŠœãã—ã¦ãªã„ã ã‘)ä½œã£ãŸã§ğŸ˜Šé ‚ãã‚„ã™ğŸ™,0
111753962207998772,rimOxO,ã‚ã€ã‚ãâ€¦â€¦â€¦,0
111753962184577034,Asahi,å½“ç„¶å¼Ÿå¼Ÿè¯´çš„è¯æˆ‘è¿˜æ˜¯ç»å¸¸å¬ä¸æ‡‚ï¼Œä½†åæ­£æ˜¯å¼Ÿå¼Ÿï¼Œå‘µå‘µç®€ç›´æ€€ç–‘ä»–è·ŸåŒå­¦å…¶å®æ‰è¯¥æ˜¯å¤©ç”Ÿä¸€å¯¹,0
111753962182609152,lamia,honeyviewæ‹¿æ¥çœ‹rawçœŸå¥½ç”¨ å†ä¹Ÿä¸ç”¨ä¸¤ä¸ªæ ¼å¼ä¸€èµ·æ‹äº†,0
111753962166680391,hachiun,ã‚¹ã‚ºãƒ¡ã¸https://x.com/zikilluu/status/1746391542380794199?s=46&t=nB_rYu0OnRwdYDab9oxeyg,0
111753962155966907,krypt3ia,https://youtu.be/0IwTYtpRPY0?si=Bkh6uiut2qU-Ejto,0
111753962133455693,Llapicotera,"Cuando ""subir el sueldo"" se convierte en sinÃ³nimo de ""propina"". Nunca entendÃ­ por quÃ© un gobierno, para subir el sueldo, tiene que pactar con empresarios. Existiendo los reales decretos, quiÃ©n quiere propinas pudiendo subir de una vez lo que necesita un trabajador para dejar de sobrevivir.",0
111753962117494802,ragichune,ã§ã¡ã¯å±…é…’å±‹ã§ã‚½ãƒ•ãƒˆãƒ‰ãƒªãƒ³ã‚¯ã¨ç„¼é…ã®ãƒ­ãƒƒã‚¯ã‚’é ¼ã‚“ã§å‰²ã£ã¦é£²ã‚€ã€‚ã‚«ã‚¹ã€‚,0
111753962113490687,realTuckFrumper,Mark Cuban Absolutely Eviscerates Far-Right Activist James O'Keefe https://hillreporter.com/mark-cuban-absolutely-eviscerates-far-right-activist-james-o-keefe?utm_source=dlvr.it&utm_medium=mastodon,0
111753962110057228,Ellenologiogr,"ÎšÎ­Î½Ï„Î±Ï…ÏÎ¿Ï‚: ÎšÎ­Î½Ï„Î±Ï…ÏÎ¿Ï‚, Î›ÎµÏ…ÎºÎ¬Î½Ï„Î¹ Î•ÏÎ²Î¿Î¹Î±Ï‚, 950-900 Ï€.Ï‡. https://hellenologio.gr/index.php/el/synenteykseis-2/kentauros?utm_source=dlvr.it&utm_medium=mastodon",0
111753962102052648,nezuko_2000,"Puluhan Mobil Hancur, Batu Jomba Seperti Tempat Off-road #mobilofroad  #... https://youtu.be/1nFW7RjmE3g?si=Y3R7T2gxrppUWwCR ãã‚“ãªçœŸæ–°ã—ã„ä¹—ç”¨è»Šã§æ¸›é€Ÿã‚‚ã›ãšã«çªã£è¾¼ã‚€ã¨ã‹ãƒã‚¸ã‚«ãŠå‰ã‚‰â€¦â€¦",0
111753962101232780,HourlyYotes,Have a #yote!,0
111753962068858025,SciTania,"Je suis en retard dans mes podcasts, mais je dois ma dÃ©couverte de la semaine Ã  un Ã©pisode de La mÃ©thode scientifique, ancÃªtre de la @sciencecqfd !Saviez-vous que les faucons sont plus proches gÃ©nÃ©tiquement des perroquets et des passereaux qu'ils ne sont proches des buses ?En tous cas, si les rapaces vous intÃ©ressent, ne loupez pas ce podcast : https://www.radiofrance.fr/franceculture/podcasts/la-methode-scientifique/la-methode-scientifique-emission-du-lundi-13-septembre-2021-7292786#podcast #Vulgarisation #oiseau #rapace",1
111753962062831201,climbnews,VojtÄ›ch Trojan #CR dal La Mowgli 8b+ #Siuranahttps://climbnews.pohroma.de/2024/01/14/29596/#ClimbNews #CR #Siurana,0
111753962059132404,svenskhistoria,"BÃ¶nderna, Ã¶rlogsflottan och den svenska staten -> https://svenskhistoria.se/bonderna-orlogsflottan-och-den-svenska-staten-1522-1640/",0
111753962042226115,mizutani_ft,æŒ‡ã¬ãæ‰‹è¢‹ã¯è²·ã£ã¦ã¿ã¾ã—ãŸã‹å‡ºã¦ã‚‹ã¨ã“ã‚ã ã‘ã‚­ãƒ³ã‚­ãƒ³ã«ãªã‚Šã¾ã—ãŸã€‚æƒœã—ã„ã€‚,0
111753962022296574,htTweets,"5 beautiful offbeat places to visit in KeralaIf Kerala is on your travel bucket list, explore these 5 beautiful offbeat places here. #presshttps://www.hindustantimes.com/web-stories/lifestyle/5-beautiful-offbeat-places-to-visit-in-kerala-101705215682713.html?utm_source=press.coop",0
111753962018169620,sz_duras,Pickpocketâ€¦ @christopher @moon_app,0
111753962013812949,StiriDeCluj,Eva MÄƒruÈ›Äƒ i-a uimit pe Andra È™i CÄƒtÄƒlin MÄƒruÈ›Äƒ. De ce vrea sÄƒ se mute de acasÄƒ la 14 ani È™i ce reacÈ›ie au avut pÄƒrinÈ›ii.ğŸ”— https://stiridecluj.ro/national/eva-maruta-i-a-uimit-pe-andra-si-catalin-maruta-de-ce-vrea-sa-se-mute-de-acasa-la-14-ani-si-ce-reactie-au-avut-parintii#È˜tiri #RomÃ¢nia,0
111753962004648742,mercnews,"Horoscopes Jan. 14, 2024: Holland Taylor, something good will manifestCelebrities born on this day, today's birthday horoscope and numbers and the daily horoscope for each zodiac sign. #presshttps://www.mercurynews.com/2024/01/14/horoscopes-jan-14-2024-holland-taylor-something-good-will-manifest/?utm_source=press.coop",0
111753961995935836,bontrop,How Often are Registered Clinical Trials Publishing Their Results?https://www.appliedclinicaltrialsonline.com/view/how-often-are-registered-clinical-trials-publishing-their-results,0
111753961965818353,woof,I'd slot it into my synth but... It no longer has any space left.High time i build myself a proper case.,0
111753961958638484,nwsburlington_bot,#BTV #VTwx #wxstory,0
111753961954850549,htTweets,"And the winner of the worldâ€™s ugliest lawn contest isâ€¦The winner took home a second-hand brown T-shirt donated by the winner of Gotlandâ€™s Ugliest Lawn 2023, which reads: â€œProud owner of The Worldâ€™s Ugliest Lawnâ€. #presshttps://www.hindustantimes.com/trending/and-the-winner-of-the-world-s-ugliest-lawn-contest-is-101705226947560.html?utm_source=press.coop",0
111753961920891324,cjlemire,"In 3!Wordle 939 3/61st Try: 1 correct, 1 misplaced2nd Try: 2 correct, 1 misplaced3rd Try: solvedâ¬œâ¬œğŸŸ¨ğŸŸ©â¬œâ¬œğŸŸ©â¬œğŸŸ©ğŸŸ¨ğŸŸ©ğŸŸ©ğŸŸ©ğŸŸ©ğŸŸ©",0
111753961908488552,htTweets,"Lakshadweep recorded its lowest aircraft movement in 2023: AAI dataPrime Minister Narendra Modiâ€™s visit to Lakshadweep has led to a resurgence of interest in visiting the archipelago although aircraft movement to the islands last year was the lowest since 2015, barring the pandemic year of 2020, official data show. #presshttps://www.hindustantimes.com/india-news/lakshadweep-recorded-its-lowest-aircraft-movement-in-2023-aai-data-101705228540240.html?utm_source=press.coop",0
111753961902590354,brasil_247,Agentes penitenciÃ¡rios e funcionÃ¡rios refÃ©ns sÃ£o soltos no EquadorConfira! ğŸ‘‡https://www.brasil247.com/americalatina/agentes-penitenciarios-e-funcionarios-refens-sao-soltos-no-equador#News,0
111753961900148994,htTweets,Pongal reflects spirit of â€˜Ek Bharat Shreshtha Bharatâ€™: PM ModiPM took part in Pongal celebrations at the residence of Union minister of state L Murugan in New Delhi and said that this feeling of unity is the biggest force to build a â€œViksit Bharatâ€ by 2047 #presshttps://www.hindustantimes.com/india-news/pongal-reflects-spirit-of-ek-bharat-shreshtha-bharat-pm-modi-101705228540900.html?utm_source=press.coop,0
111753961880973248,firenzetoday,"Volley A1 femminile, Barbolini critico verso la Savino Del Bene: ""Con questo atteggiamento impossibile fare risultato ad Istanbul""Scopri di piÃ¹! ğŸ‘‡https://www.firenzetoday.it/sport/volley/barbolini-critica-scandicci-post-milano.html#Volley",0
111753961876710505,NapoliToday,Maxi multa al ristorante dei Quartieri Spagnoli: il motivoScopri di piÃ¹! ğŸ‘‡https://www.napolitoday.it/cronaca/ristorante-largo-maradona-multato.html#Cronaca,0
111753961854039316,htTweets,'Politics of PAIN': Milind Deora reveals why he quit CongressMilind Deora said he remained with the Congress during its most challenging decade. #presshttps://www.hindustantimes.com/india-news/never-thought-milind-deora-reveals-why-he-quit-congress-in-first-reaction-101705228911066.html?utm_source=press.coop,0
111753961842126777,kawason,shioå¿ã‚·ãƒ§ãƒƒãƒ—ã€shioå¿ã‚·ãƒ§ãƒƒãƒ—ã‚„â€¦https://suzuri.jp/PortemineBooks/products,0
111753961840415436,pg,ã€å´©å£Šã‚¹ã‚¿ãƒ¼ãƒ¬ã‚¤ãƒ«ã€‘ver1.6æœ€æ–°ï¼å§«å­ã®å¿«é€²æ’ƒï¼è©•ä¾¡ãŒè¶…å¤‰å‹•ã€‚æ’å¸¸æ˜Ÿï¼•ã‚­ãƒ£ãƒ©ãƒ©ãƒ³ã‚­ãƒ³ã‚°è§£èª¬ï¼ã€å´©ã‚¹ã‚¿ã€‘ https://www.playing-games.com/57188/ #Honkai #Honkai:StarRail #StarRail #ã‚¹ã‚¿ãƒ¼ãƒ¬ã‚¤ãƒ« #å´©ã‚¹ã‚¿ #å´©å£Š #å´©å£Š:ã‚¹ã‚¿ãƒ¼ãƒ¬ã‚¤ãƒ« #å´©å£Šã‚¹ã‚¿ãƒ¼ãƒ¬ã‚¤ãƒ«ã‚­ãƒ£ãƒ©,0
111753961827341403,vivizine,åµ æ«»äº•ç¿” è¦‹ã¦ã‚‹ã‹!é›…ç´€! https://www.vivizine.com/404409/#åµ#å¤§é‡æ™º #ç›¸è‘‰é›…ç´€ #æ¾æœ¬æ½¤ #æ«»äº•ç¿” #äºŒå®®å’Œä¹Ÿ åµ æ«»äº•ç¿” è¦‹ã¦ã‚‹ã‹!é›…ç´€! #åµ #å¤§é‡æ™º #äºŒå®®å’Œä¹Ÿ #æ«»äº•ç¿” #ç›¸è‘‰é›…ç´€ #æ¾æœ¬æ½¤#actor #ä¹…ä¿é™¸ #äºŒå®®å’Œä¹Ÿ #äº”ååµåŠ› #ä¼Šè—¤ç¥è¼” #ä½è—¤ã¿ãªã¿ #ä½è—¤å•“ #ä¿³å„ª #å¤§ä¹…ä¿ç¿”å¤ª #å¤§é‡æ™º #å®‰ç”°çœŸå¼“ #å®®ç”°å…‰ #å°æ¾¤éƒç¾ #å±±å£å’Œä¹Ÿ #å±±æœ¬å¤•è‰å¥ˆ #å±±ç”°æ˜å­ #å±±ç”°ç¾ç©‚ #åµã«ã—ã‚„ãŒã‚Œ #åµã«ã—ã‚„ãŒã‚Œ2023 #æ–°å±…çœŸäºº #æ‘æ¾ä½‘äº® #æ‘æ¾åƒæ™¶ #æ¾æœ¬æ½¤ #æ¾æœ¬æ½¤æ£®å·é«˜è¡Œ #æ¾æœ¬ç¾å’² #æ£®éƒ¨è£•æ²»éƒ #æ¨‹å£æ‹“ä¹Ÿ #æ©‹å ´æ´¸äºº #æªœå±±é»„èœ #æ«»äº•ç¿” #æ²³åŸç”±å¸Œå¥ˆ #æ²³å´çœŸç©‚ #æ²³æ‘ç¾å¸Œ #æµ…å·æ‹“å“‰ #æ¾è°·å„ªä»‹ #ç›¸è‘‰é›…ç´€ #ç§‹å±±æ¸‰ #çµ„é‡èˆª #èŠ¦ç”°é›„ä¸€ #èŠ±æ¾¤å…‹å“‰ #è’å·é›…ä¹‹ #è—¤äº•åƒè£• #è—¤æ£®æœ‰è²´ #è¥¿ç”°å¿—å¸† #è¿‘æ´‹ä»‹ #é‡‘å­å¤§å’Œ #é«™æ©‹å²ä¹Ÿ #é½‹è—¤æµä»‹ #é½‹è—¤ç›´äºº,0
111753961795803258,realTuckFrumper,Bill O'Reilly Mad After His Books Got Banned in Florida Over Bill He Backed https://hillreporter.com/bill-o-reilly-mad-after-his-books-got-banned-in-florida-over-bill-he-backed?utm_source=dlvr.it&utm_medium=mastodon,0
111753961793257388,htTweets,Satwik-Chirag pair goes down fighting in Malaysia Open final to world no.1 China's Liang/Wang duoThe Satwik-Chirag pair faced a three-game defeat in the final of the Malaysia Open on Sunday #presshttps://www.hindustantimes.com/sports/badminton/satwikchirag-pair-go-down-fighting-in-malaysia-open-final-to-world-no-1-chinas-liang-wang-duo-101705225847495.html?utm_source=press.coop,0
111753961781477116,lassipensikkala,Travel News by Lassi Pensikkala: It's not for everyone: 3 things to know about Antarctica expedition cruises https://www.usatoday.com/story/travel/cruises/2024/01/14/antarctica-cruise-expeditions-what-to-know/72161717007/?utm_source=dlvr.it&utm_medium=mastodon Read the story! Ads #travelnews #ttot #thingstodo,0
111753961778830248,htTweets,Delhi air pollution: List of what's banned and what's exemptedHere is a list what's banned and what's exempted amid air Pollution in Delhi. #presshttps://www.hindustantimes.com/cities/delhi-news/delhi-air-pollution-list-of-whats-banned-and-whats-exempted-101705223611099.html?utm_source=press.coop,0
111753961778195478,cambskeptics,"Dene Hine has a talent for carving stunning designs into farmers' fields but he's now thrown in the towel after growing sick of the amount of people convinced it's the work of aliens, reports Nadeem Badshah for the Daily Star. https://www.dailystar.co.uk/news/weird-news/crop-circle-artist-quits-after-31854270",0
111753961776126291,rawchili,DOLPHINS FANS TEARS MEGATHREAD: Dolphins lose! https://www.rawchili.com/3253990/#AmericanFootballConference #AmericanFootballConferenceEastDivision #Bills #Buffalo #BuffaloBills #Football #NationalFootballLeague #NewYork #NFL,0
111753961772533839,htTweets,"Attempted to hush up Haveri gangrape case by offering money, alleges BommaiSix people barged into a hotel room and assaulted an interfaith couple during their stay in Hangal Taluk of Haveri district #presshttps://www.hindustantimes.com/cities/bengaluru-news/attempted-to-hush-up-haveri-gangrape-case-by-offering-money-alleges-bommai-101705229678417.html?utm_source=press.coop",0
111753961768148537,lovenhl,https://www.lovenhl.com/1057543/ Cricket North West â€“ GNC Semi-Final 2 â€“ Semi Finals â€“ Burnie Hurricanes v Ulverstone #CarolinaHurricanes #EasternConference #FBID:8fcd9c326af4482c90b2A2ebac2cd1ce #MetropolitanDivision,0
111753961739446870,machostop,SHOW OFFTO BE CONTINUED,1
111753961738647801,htTweets,"Classroom of the Elite Season 3 Episode 3 - Release date and time, where to watch and moreHigh-stakes scenarios and revelations await in Classroom of the Elite Season 3 Episode 3. #presshttps://www.hindustantimes.com/entertainment/anime/classroom-of-the-elite-season-3-episode-3-release-date-and-time-where-to-watch-and-more-101705228866195.html?utm_source=press.coop",0
111753961711827078,htTweets,"Vivek Ramaswamy says Trump attack was an â€˜unfortunate moveâ€™, calls Haley a â€˜puppetâ€™â€˜Iâ€™ve met tens of thousands of Iowans across 390+ events here, and they are deeply worried,â€™ Ramaswamy wrote on X, formerly Twitter following Trump's remarks #presshttps://www.hindustantimes.com/world-news/us-news/vivek-ramaswamy-says-trump-attack-was-an-unfortunate-move-calls-haley-a-puppet-101705226639247.html?utm_source=press.coop",0
111753961705318843,RadarMechelen,Flight: #NJE566LICAO code: #493281Callsign: #FRACTIONOperator: Netjets Transportes AereosCountry: ğŸ‡µğŸ‡¹Speed: 539 kmhAltitude: 1920 mDistance: 3.7 kmAngle âˆ†: 27.4Â°Direction ->: ETrack:http://globe.adsbexchange.com/?icao=493281&lat=50.983&lon=4.447&zoom=10.5&showTrace=2024-01-14http://globe.adsb.fi/?icao=493281&lat=50.983&lon=4.447&zoom=10.5&showTrace=2024-01-14History:https://www.radarbox.com/data/mode-s/493281Seen: 6xhttp://bit.ly/gift-for-radar-mechelen,0
111753961690240824,stephanpolitik,"Putin, Hamas, Nazis: Sind wir wieder im Kampf Gut gegen BÃ¶se? Der Satiriker Florian Schroeder sagt: Nein. Dieses Denken sei kontraproduktiv. https://taz.de/Florian-Schroeder-ueber-das-Boese/!5982707/",0
111753961688808290,lovenba,"https://www.lovenba.com/1256234/ NBAâ€™s Top 10 Plays Of The Night | January 13, 2024 #202122Season #amazing #Assist #Basketball #Defense #DoubleDouble #Dunk #Fadeaway #game #games #Highlight #highlights #hoops #JumpShot #Jumper #MidRange #NBA #NBASeason #NorthwestDivision #Offense #Pass #Play #plays #Rebound #Sports #Steal #Three #ThreePointer #Triple #TripleDouble #UtahJazz #WesternConference",0
111753961627037346,hongeipi,BaSHã•ã‚“å‘ªç¸›éœŠã¿ãŸã„ã ã‚ˆã­,1
111753961588442804,SalzburgerNachrichten,"Kombinierer Lamparter verzichtet auf LanglaufEinmal mehr war es Jarl Magnus Riiber, der in Oberstdorf die sensationell starke Ã–SV-Mannschaft vor einer MehrfachfÃ¼hrung nach dem Springen abgehalten hat. Der norwegische Star der Nordischen Kombinierer sprang im Kompaktbewerb (mit fixen ZeitrÃ¼ckstÃ¤nden) sechs Sekunden vor Johannes Lamparter, zwÃ¶lf vor Thomas und 17 vor Stefan (â€¦)https://www.sn.at/sport/wintersport/kombinierer-riiber-oesterreichern-langlauf-151651969#_Sport #_Wintersport #_Ã–SV",0
111753961583541442,hourlyfops,#fox #hourly,0
111753961565373585,SalzburgerNachrichten,Kilde operiert - Unterschenkelwunde und SchulterblessurSkistar Aleksander Aamodt Kilde ist nach seinem schweren Sturz in der Abfahrt von Wengen am Samstagabend in Bern an seinem verletzten Bein operiert worden. Der 31-JÃ¤hrige erlitt laut Angaben des norwegischen Verbandes eine tiefe Schnittwunde am Unterschenkel und zog sich auÃŸerdem eine Schulterluxation zu. Er habe aber keine (â€¦)https://www.sn.at/sport/wintersport/kilde-unterschenkelwunde-schulterblessur-151645912#_Sport #_Wintersport,0
111753961516250302,SalzburgerNachrichten,"BemÃ¼hungen um mehr Zugverbindungen unter Ã„rmelkanalDurch den vor 30 Jahren erÃ¶ffneten Kanaltunnel zwischen GroÃŸbritannien und Frankreich sollen demnÃ¤chst mehr ZÃ¼ge zu neuen Zielen auf dem europÃ¤ischen Festland fahren. Tunnelbetreiber Getlink will die technischen Voraussetzungen dafÃ¼r schaffen, dass konkurrierende Bahnunternehmen von London aus neue Ziele (â€¦)https://www.sn.at/wirtschaft/welt/bemuehungen-zugverbindungen-aermelkanal-151654435#_Wirtschaft #_Welt #_Frankreich #_GroÃŸbritannien",0
111753961510749446,hackernews,ICO fines HelloFresh Â£140k for spam texts and emailshttps://ico.org.uk/about-the-ico/media-centre/news-and-blogs/2024/01/ico-fines-hellofresh-140-000-for-spam-texts-and-emails/HN: https://news.ycombinator.com/item?id=38988944#hackernews - aa_is_op 2024-01-14 09:40:21 Score: 52,0
111753961432145435,bigorre_org,"Il y a tout juste 6 ans : interview Pascal Rambert met Marina Hands en scÃ¨ne au Parvis  : Câ€™est sans aucun doute lâ€™un des Ã©vÃ©nements thÃ©Ã¢tre de la saison. Le Parvis prÃ©sente mardi et mercredi Â« Actrice Â» a peine quelques semaines aprÃ¨s sa crÃ©ation au ThÃ©Ã¢tre des Bouffes du N  Suite sur https://www.bigorre.org/publication/2018-01-14_pascal-rambert-met-marina-hands-en-scene-au-parvis  @pascalrambert #pascalrambert @parvisscenenationale #ibos  <img src=""https://www.bigorre.org/imgl/20180113_a_pascal_rambert_photo_marc_domage.jpg"" alt=""Pascal Rambert met Marina Hands en scÃ¨ne au Parvis""> # bigorre vig",0
111753961428358210,ynetmivzakim,"×—×™×œ×•×¤×™ ××© ×‘×’×‘×•×œ ×”×¦×¤×•×Ÿ: ×—×™×–×‘××œ×œ×” ×™×¨×” × ""×˜ ×œ××–×•×¨ ×›×¤×¨ ×™×•×‘×œ, × ×¤×’×¢×™× ×‘××§×•×https://www.ynet.co.il/news/article/ry40tezya",0
111753961412171338,juanmapintor,"Missatges amb â€œjajajajajajshaâ€ al mig del text, red flag de manual. #autoajudaperaprincipiants",0
111753961400145288,Dojave_Nina,ãƒãƒƒ,0
111753961392950103,ai,ã‚¿ã‚³ã®è¶³ã€æ¬²ã—ã„ãªã...,0
111753961387869637,Eisentukan,Smokey was very happy with me yesterday. â˜ºï¸,0
111753992717902695,nonpura,1æœ¬é£²ã‚“ã§ã‚‹ã‹ã‚‰æ‰‹é…ã‚Œã€œ,0
111753992710173369,0418,å®¶æ—4äººã¿ã‚“ãªãŠã‹ã‚ã‚Šã—ã¦ã¾ã ã“ã‚Œã ã‘æ®‹ã‚Šã¾ã—ãŸãƒ“ãƒªãƒ¤ãƒ‹å¼å½“ã ,0
111753992694749189,actu_be_fr,"[dhnet region] Le CPAS de La LouviÃ¨re accentue sa lutte contre la prÃ©caritÃ© infantile : ""l'idÃ©e est d'Ã©viter la reproduction des schÃ©mas familiaux dÃ©ficients""  #Centre https://www.dhnet.be/regions/centre/2024/01/14/le-cpas-de-la-louviere-accentue-sa-lutte-contre-la-precarite-infantile-lidee-est-deviter-la-reproduction-des-schemas-familiaux-deficients-BJE7KOQJUJECXEONMRWEWAESZA/",0
111753992687053492,actu_be_fr,[dhnet region] Les concepteurs dâ€™Appetito et de Barestho unissent leurs forcesÂ : â€œle client peut commander Ã  manger ou rÃ©server une table via une seule applicationÂ !â€ #Mons https://www.dhnet.be/regions/mons/2024/01/14/les-concepteurs-dappetito-et-de-barestho-unissent-leurs-forces-le-client-peut-commander-a-manger-ou-reserver-une-table-via-une-seule-application-PG3ARHN3WVGSNC443OBP4ABDSI/,0
111753992681733175,OlgaPatlyuk,Dnipro 14.01.2023 ğŸ•¯ï¸,0
111753992634139209,receitasdeculinaria,Bolinhos de AbÃ³bora ou filhoses de abÃ³borahttps://www.receitasdeculinaria.tv/receita-dos-bolinhos-de-abobora/?utm_source=MastodonReceitas&utm_medium=Mastodon,0
111753992567030406,eclectech,Then we have today's #PhotoJanuary2024 theme: long exposure. I don't do a lot of long exposure but I did once spend a long drive messing about with my camera and got this snap of the journey ğŸ˜† #photography #longExposure,0
111753992557058950,Rinko,éé…·ã£ã¦ãªã‚“ã§ã¡ã‚…ã‹ï¼Ÿ,0
111753992532883547,Fr_Maier,Was die AfD fÃ¼r Bauern in ThÃ¼ringen tatsÃ¤chlich getan hat https://www.mdr.de/nachrichten/thueringen/bauern-protest-afd-politik-landtag-100.htmlAm Ende besticht die #noafd und die #afdthÃ¼ringen durch Wendehalsigkeit und Tatsachen Verdreherei. Mehr ist nicht zu erwarten. In Regierungsverantwortung erst Recht nicht.#Landwirtprotesten,0
111753992514808159,konpeito_,â€‹:sorehauso:â€‹â€‹:sorehauso:â€‹â€‹:sorehauso:â€‹â€‹:nannohanashi:â€‹RE: https://misskey-square.net/notes/9ogyirs1ec,0
111753992504616406,mapleleaf240,ã€†ã‚‰ãƒ¼ã‚ã‚“,0
111753992499035022,rtlnieuws,"ğ—¡ğ—¶ğ—²ğ˜‚ğ˜„ğ—² ğ—•ğ—®ğ—°ğ—µğ—²ğ—¹ğ—¼ğ—¿ ğ—¥ğ—¶ğ—²ğ—» ğ—µğ—²ğ—²ğ—³ğ˜ ğ—²ğ—²ğ—» ğ—¯ğ—²ğ—¸ğ—²ğ—»ğ—±ğ—² ğ—²ğ˜…Het nieuwe seizoen van de Videoland-serie 'De Bachelor' telt niet Ã©Ã©n maar twee bachelors. EÃ©n van hen is de 33-jarigeÂ Rien Welsink, die tot voor kort nog een relatie heeft met influencer en model Vivian Hoorn (31).https://www.rtlnieuws.nl/entertainment/artikel/5429374/bachelor-videoland-rien-vivian-hoorn#NieuweBachelor #BekendeEx #BachelorRien",0
111753992431805189,thankyouforthehorse,"I'm going to have one more try at the TYFTH semi-Live set, as there wasn't even time for that in the end. It'll then be played next weekend - and that's a definite, just have to decide on the day. It might be 'test set' but I've been enjoying mixing this one a lot, so that's hopefully a promising sign.#TYFTH #freeformhardcore #hardnrg#FINRG",0
111753992425885187,makihara,ãŠæ‰‹ç´™ä»£è¡Œæ¥­ã€€ç”·æ€§ã®ãƒ•ãƒªã—ãªã„ã¨ã„ã‘ãªã„ã®ã­ #å…‰ã‚‹å›ã¸,0
111753992363808462,Saki,ãƒ–ãƒ©ãƒƒã‚¸ãƒ£ãƒ¼ã§å‰èº«ã®éª¨æŠ˜ã‚‹æ–¹ãŒã‚µã‚¤ã‚³ãƒ‘ã‚¹ã˜ã‚ƒã­ï¼Ÿã‚ã®ä¸–ç•Œã ã¨ç§’ã§æ²»ã‚Šãã†ã ã‘ã©,0
111753992337104403,bintano,Declan Donnelly and Wife Ali Astall Enjoy Romantic Date Night in Mayfairhttps://bintano.com/declan-donnelly-and-wife-ali-astall-enjoy-romantic-date-night-in-mayfair/?feed_id=24485&_unique_id=65a3c1038f0a7,0
111753992334372309,yura15cbx,https://t.me/moments_yura15cbx/879ĞºĞ°Ğº JAMES WEBB SPACE TELESCOPE Ğ¿Ğ¾Ñ‚Ğ¸Ñ…Ğ¾Ğ½ÑŒĞºÑƒ Ğ»ĞµÑ‚Ğ¸Ñ‚ Ğº Ğ¼ĞµÑÑ‚Ñƒ Ñ€Ğ°Ğ±Ğ¾Ñ‚Ñ‹https://webb.nasa.gov/content/webbLaunch/whereIsWebb.html?units=metric,0
111753992294629975,Jakylla,Deutschland Germany Allemagne Tyskland Vokietija Niemcy Nemecko Saksa...https://sh.itjust.works/post/12755182,0
111753992271773267,Guren,ãã‚Œã€ãƒ˜ãƒƒãƒ‰ãƒ›ãƒ³ãªã®ã‹...,0
111753992268308573,skoufugata,ï¼ˆå°–ã£ã¦ã„ã‚‹ã‚‚ã®ã¨ã€åˆƒç‰©ãŒå«Œã„ã¨ã„ã†æ„å‘³ã§å…ˆç«¯ææ€–ç—‡ãƒ»åˆƒç‰©ææ€–ç—‡ã§ã™ï¼‰ã€‚,0
111753992204801690,sakuyamochi,ã‚†ã‹ã‚Šã•ã‚“ã‚‚ã‹,0
111753992155637574,Iron__Spider,"ã€MLB The Show22ã€ï¼ˆè‹±èªç‰ˆï¼‰ å¤§è°·ç¿”å¹³é¸æ‰‹""ãƒãƒ£ãƒ¼ãƒˆ""ãƒˆãƒ¬ãƒ¼ãƒ©ãƒ¼ https://youtu.be/G2ngkko3Ado?si=FIMYdOAvBtwMV-6u",0
111753992151391241,jonossaseuraava,derdoi begame humane,0
111753992035203050,naka_mondo,å°éŠä¸‰ï¼ã¾ã²ã‚ã‚»ã‚¯ãƒãƒ©ã•ã‚Œã¦ãªã„ã‹ï¼Ÿ#å…‰ã‚‹å›ã¸,0
111753991997857104,iembot_meg,"#TNwx #TNweather001 FXUS64 KMEG 141108AFDMEGArea Forecast DiscussionNational Weather Service Memphis TN508 AM CST Sun Jan 14 2024...New SYNOPSIS, DISCUSSION....SYNOPSIS...Issued at 508 AM CST Sun Jan 14 2024An approaching upper level storm system will combine with frigid Arctic air to produce widespread snow across the Midsouth throughlate Monday night. Heaviest snow accumulations, between 5 and 8  https://mesonet.agron.iastate.edu/p.php?pid=202401141108-KMEG-FXUS64-AFDMEG",0
111753991993968346,desmu,"- Un peu frustrant aussi parfois de suivre un univers avec une temporalitÃ© si vaste mais qui doit faire des concessions pour qu'un nouveau public puisse entrer dans l'histoire sans trop de soucis (Sacha qui donne l'impression de redÃ©couvrir le monde Ã  chaque dÃ©but d'arc sauf dans Ã‰pÃ©e-Bouclier qui est le seul arc Ã  assumer clairement le passÃ© de la sÃ©rie ; les films qui donnent l'impression de se passer dans un univers alternatif auxquels on fera plus jamais rÃ©fÃ©rence ensuite, ...).",0
111753991868801847,whimwitch,"its always the hearing person being so drawn to how *unique* and *quirky* and *pitiful* the deaf person is when i can tell you im highly skeptical a deaf person would want to be in a relationship with someone like that lol. there's a reason most deaf ppl do not date hearing peoplelike why can't they just start a series mid-relationship instead of showing a weirdly ableist meet-cute?? or if you want to do a meet-cute kinda thing, why not go the online dating route since thats how it tends to",1
111753991865328294,yoshi_vsapo,çŒ«ç¾½ã“ã‚ã‚“ï¼ˆ@nekoha_koron ï¼‰é…ä¿¡ä¸­ã€ #æ­Œæ  #singing ã€‘ ãƒãƒ£ãƒ³ãƒãƒ«ç™»éŒ²17371äººç›®æŒ‡ã—ãªãŒã‚‰ï¼ã¾ã£ãŸã‚Šæ­Œã†â™¡â™¡â™¡  åˆè¦‹ã•ã‚“å¤§æ­“è¿â¤ ã€çŒ«ç¾½ã“ã‚ã‚“/ #vtuber... https://youtu.be/Vels58QTMDk @Youtubeã‚ˆã‚Š,0
111753991865154438,YAG_L09,é…’é£²ã‚€å‰ã«éé…·ã—ã¦ãƒ¼,0
111753991820005299,YAYOI_NO_YUME,åŠ å…¥Noteéƒ½æ˜¯ä¸¤å¹´å‰çš„äº‹æƒ…äº†ï¼Œæˆ‘å¾ˆå–œæ¬¢ä¸€äº›æ‘„å½±å¸ˆåˆ†äº«çš„ä½œå“ï¼Œä»¥åŠä»–ä»¬åœ¨ä½œå“å¤–è®°å½•çš„æ•…äº‹ã€‚,0
111753991819073818,Frdnspnzr,tfw man als Anarchist jetzt entscheiden muss ob man fÃ¼r Demokratie demonstriert um die Faschos zu bekÃ¤mpfen.,1
111753991792704548,mthart,Welcome to #SupernaturalSunday coffin dwellers!Keeping Halloween and Horror alive one day at a time!#vampire #horror #nobubblegumvampiresallowedÂ¡Manteniendo Halloween y Horror vivos un dÃ­a a la vez!#vampiro #terror,1
111753991756612158,jaj0_0,(Â´ï½¥Ï‰ï½¥`),0
111753991742347628,fakenewsbot,this news is not real: Triangle Player is raising a notebook!,0
111753991709860211,HKSN,ãƒãƒ¬ã‚‹ã«æ±ºã¾ã£ã¦ã‚‹ã®ã«ãªãœã™ã‚‹ã®ã‹,0
111753991707461529,randomshipsbot,Epiculy x kaj,0
111753991683211570,par_temps_clair,AmÃ©liorer lâ€™apprentissage professionnel des enseignantshttps://par-temps-clair.blogspot.com/2024/01/ameliorer-lapprentissage-professionnel.html,0
111753991630075784,MiletteMillington,"Journalists , including those with Caribbean heritage, and those who are disabled, in NYC and worldwide, letâ€™s connect!Photo Credits: @thahttps://www.forth.news/threads/65a3c0f8756ed01fad95f032",0
111753991624741531,BBCSport,"What is success for Newcastle United?Match of the Day's Gary Lineker, Micah Richards and Glenn Murray discuss whether Newcastle are ""victims of their own success"" and what success looks like for the Magpies. #presshttps://www.bbc.co.uk/sport/av/football/67974262?utm_source=press.coop",0
111753991586892170,sad_mushroom,æˆ‘å¦ˆç»™æˆ‘ä¹°çš„çº¢ç³–å–äº†ä¼šæ‹‰è‚šå­ï¼Œæœæ°”ï¼Œï¼Œï¼Œ,0
111753991548041608,robloxrevivals,LMAOFifteen: We're Nice!,0
111753991500373788,saveluna,ã ã‚æŠ¼ã—ãŠè–¬ã‚‚ã®ã‚“ã ã®ã­,0
111753991489701007,vegan4alivingplanet,Gaza https://www.instagram.com/reel/C1qzXXRuy8J/?igsh=MTc4MmM1YmI2Ng==,0
111753991471481471,ProbablyRoadkill2B,Gute Genesung der Verletzten! #VisionZero https://www.tagesspiegel.de/berlin/mit-den-reifen-in-die-strassenbahnschiene-radlerin-in-berlin-friedrichshain-lebensgefahrlich-verletzt-11048179.html,0
111753991461459757,henrywinter,"â€œWe have no confidence in the process for deducting points from #EFC & feel very strongly that the severity of the deduction must be reduced by the commission assessing the appeal, or, ideally, replaced with a fine."" Powerful letter to PL. @TimesSport@sportsbots.xyzhttps://thetimes.co.uk/article/mark-câ€¦",0
111753991430284163,Himono,ã„ããªã‚Šã®DMãŒæ¥ã‚‹ã¨å¿ƒè‡“æ­¢ã¾ã‚‹ç—…æ°—,0
111753991370875118,Saigane,ã“ã†ã‚„ã£ã¦ã‚‚ã†æˆ»ã‚Œãªã„ã‚ã®é ƒã«æµ¸ã‚‹ã®ã‚‚ä¹™ã§ã™ã—ã‹ã—ä¿ºã®ç­”ãˆã¯ã“ã‚Œã‚„,0
111753991310604629,eulanov,ã‚´ãƒ¼ãƒ«ãƒ‡ãƒ³ã‚«ãƒ ã‚¤ã®å®Ÿå†™ã®CMã‚’è¦³ãŸã€‚ã‚ã€ã„ã‚„ã€ãƒãƒ³ã‚¬ã‚‚ã‚¢ãƒ‹ãƒ¡ã‚‚è¦³ã¦ãªã„ã®ã§è©³ã—ã„ã“ã¨ã¯çŸ¥ã‚‰ã‚“ã®ã ã‘ã©ã€ãªã‚“ã¨ã„ã†ã‹ã€å®Ÿå†™ã«ã™ã‚‹ã¨ã„ã¤ã‚‚ãã†ãªã‚‹ã­ã€ã£ã¦æ„Ÿã˜ã®æ–‡ä½“ã¨ãŠè¦‹å—ã‘ã„ãŸã—ã¾ã—ãŸã€‚,0
111753991309517287,S4F_BeBb,"ğŸ‘† Heute, 14:00 in Berlin, Pariser Platz und 13:00 in Potsdam, Alter Markt.",0
111753991259758448,deadblackclover,Garbage Collection (Mark & Sweep) - Computerphilehttps://www.youtube.com/watch?v=c32zXYAK7CI,0
111753991226163355,flug_falken,é¦¬åˆ¸ã‚‚Megaãã˜ã‚‚ã‚„ã¯ã‚Šã‚ã¦ã«ã¯ãªã‚‰ã‚“ã€æ˜æ—¥ã®ç›´ãªåˆ¥ä»•äº‹ã‚’å–ã‚Šä»˜ã‘ã‚‹ä»¥å¤–ã«æ‰“ç ´ã¯ãªã„ã‹,0
111753991221337387,tendanceradio,En ce moment sur Tendance Radio Hits : Optimistique-moi par MylÃ¨ne Farmer ! Branchez-vous maintenant : https://srv.tendanceradio.net/public/t-hits,0
111753991191298964,josemorgado,loool. https://twitter.com/stu_fraser/staâ€¦,0
111753991187579353,Alpee3104,nice ã¡ã‚ƒã‚“ã¡ã‚ƒã‚“é‹,0
111753991169305539,kamiya,èª¤å­—ã£ãŸã‚((è²·ã„ãŸã„(RE: https://misskey-square.net/notes/9ogykalc0v,0
111753991117387105,yukio_mat2022,#å…‰ã‚‹å›ã¸ ä»£ç­†å±‹ã•ã‚“ã ã€‚,0
111753991076667377,Infrapink,"Damn, #Namibia just gave #Germany the sickest of burns.https://www.aljazeera.com/news/2024/1/14/namibia-condemns-germany-for-defending-israel-in-icj-genocide-case?traffic_source=rss#Palestine #Israel",1
111753991047414785,50years_music,"55 years ago, Dave Grohl, American drummer, singer-songwriter, and guitarist (Nirvana; Foo Fighters), born in Warren, Ohio #DaveGrohl",0
111753991042973746,levelbot,creepiness levels are 21% and falling(21%)  â– â– â–¡â–¡â–¡â–¡â–¡â–¡â–¡â–¡,0
111753991034391434,sleepybisexual,Someone should give me sushi :3Or a big steakI also want a giant chunk of beef jerky :3FEED ME â€‹:neocat_floof_devil:â€‹,0
111753991033195196,khamsin,"YouTube em recomana ""2 horas de mÃºsica franquista"". NO.",0
111753991010486457,gutslyricsbot,i should've known it was strange,0
111753991004248169,BarclaysWSL,You can watch seven #BarclaysWSL sides in action today!#AdobeWomensFACup ğŸ†,0
111753990998030831,Got9s,ã‚¿ã‚°ã‚‚ä½¿ãˆã‚‹ã¿ãŸã„ã ã‘ã©ã€‚,0
111753990977168072,gaitifuji,æ—¥æœ¬äººã®è‹±èªåŠ›ãŒä¸‹ãŒã‚Šç¶šã‘ã¦ã„ã‚‹ã®ã¯ã€ŒãŠã”ã‚Šã€ã¨ã€Œå‚²æ…¢ã•ã€ãŒåŸå› ã  | ã€Œã“ã®ã¾ã¾ã§ã¯è‡ªæ»…ã€ã¨å°‚é–€å®¶ãŒæŒ‡æ‘˜ | ã‚¯ãƒ¼ãƒªã‚¨ãƒ»ã‚¸ãƒ£ãƒãƒ³ https://courrier.jp/news/archives/350360/,0
111753990934020618,yamayue231fan,è²·ã†ã®ã¯å‡ºæ¥ã‚‹ã‘ã©ç™»éŒ²ãŒå‡ºæ¥ãªã„ã£ã¦ã“ã¨ã¯è²·ã†ã¨ãã«æ¯å›ã‚«ãƒ¼ãƒ‰ç•ªå·å…¥ã‚Œãªã„ã¨ãªã®ã‹ãªã€‚æ¬¡å›ä»¥é™åŒã˜ã‚«ãƒ¼ãƒ‰ã§ã£ã¦ã§ãã‚Œã°ã„ã„ã‘ã©,0
111753990838949567,emt913dev,01/14æœ¬æ—¥ã®é–‹å‚¬äºˆå®šã‚»ãƒƒã‚·ãƒ§ãƒ³ã¯ã‚ã‚Šã¾ã›ã‚“#kuisaBot,0
111753990837825018,ESSF_FR,"Rappel : Le PSG, les journalistes, la carotte et le bÃ¢ton: Yann Philippin connaÃ®t bien les maniÃ¨res de faire des grandes entreprises. Il a commencÃ© au Journal du dimanche (Ã©poque LagardÃ¨re), oÃ¹ il travaillait Ã  la rubrique Ã‰conomie. Les invitations, les voyages de presse, les cadeaux, c'est un monde dont il n'ignore rien. MÃªme s'il se sent un peu Â« honteux Â» de le raconter aujourd'hui.  Â« Dans les annÃ©es 2000, oui j'ai fait le tour du monde en business class et dormiâ€¦ http://europe-solidaire.org/spip.php?article69342&utm_source=dlvr.it&utm_medium=mastodon",0
111753990822597038,kiko,ã„ã‚‹ã®ã§ã—ã‚‡ã†ã‹â€¦â€¦ #ä¸€ç•ªæœ€åˆã«ãƒªãƒã„ãŸäººã¯æ‹äºº,0
111753990802169833,itfrettchen,"Ich betreue auch keine E-Mail-Accounts fÃ¼r Technik-Verweigerer.Ja, â€E-Mail brauche ich nichtâ€œ fÃ¼hrt heute wie auch gestern zum Chaos. Und mal ganz ehrlich: meine Eltern sind in ihren 60zigern, in Rente.Ihr habt alle Zeit der Welt. Lernt es einfach.Ansonsten: kein Internet, keine digitalen Services.",0
111753990791039444,xlsdst,ä»»åœ°ç‹±çš„æ­»å…¨å®¶çƒ‚ç½‘å»¶è¿Ÿæ¯äº†ä¸€åˆ‡,0
111753990706769055,sirakababiome,â€‹:seibun_hyouji:â€‹è™«ç³»äººå¤– åè»¢ç›®ãƒãƒ¼ãƒˆã®éš…ã«æºœã¾ã£ã¦ãã‚„ã¤ã§ã‚‚ã„ã„ã§ã™ã‹ï¼Ÿï¼Ÿï¼Ÿ,0
111753990700797699,athkar3v,Ø±ÙØ¨ÙÙ‘ Ø§Ø¬Ù’Ø¹ÙÙ„Ù†ÙÙŠ Ù…ÙÙ‚ÙÙŠÙ…Ù Ø§Ù„ØµÙÙ‘Ù„ÙØ§Ø©Ù ÙˆÙÙ…ÙÙ† Ø°ÙØ±ÙÙ‘ÙŠÙÙ‘ØªÙÙŠ Ûš Ø±ÙØ¨ÙÙ‘Ù†ÙØ§ ÙˆÙØªÙÙ‚ÙØ¨ÙÙ‘Ù„Ù’ Ø¯ÙØ¹ÙØ§Ø¡Ù,0
111753990674206969,115Thirdniigatacolor_n34,N34ã®CPã¯ã‚¹ã‚¯ãƒªãƒ¥ãƒ¼å¼ï½,0
111753990656910958,115secondniigatacolor_N35,2æ¬¡æ–°æ½Ÿã¯çš†æ”¯ç¤¾ãƒªãƒ‹ãƒ¥ãƒ¼ã‚¢ãƒ«ã ã£ãŸã‹ã‚‰ã€å…¨ç¤¾ãƒªãƒ‹ãƒ¥ãƒ¼ã‚¢ãƒ«ã®åƒ•ã¯è©æ¬ºç·¨æˆã ã­,0
111753990646727711,wim_v12e,"I imagine they're thinking, this is boring, how long before it's low tide?#photography #seabirds",0
111753990644857670,115niigata_n33,æ–°æ½Ÿé§…9ç•ªç·šã«ã¯è‰¯ãå…¥ã£ã¦ãŸã€‚,0
111753990634125655,115Lemonmilk_N36,åº§å¸­ã¯å›ºã„ãªãƒ»ãƒ»ãƒ»ãã“ã¯éNHã«è² ã‘ã‚‹ã€‚,0
111753990624611321,redbullracing,All the way back in Season 1 âª Our 2005 era ğŸ“¼,0
111753990581013613,yura15cbx,https://t.me/moments_yura15cbx/877ĞºĞ°Ğº ÑĞ´ĞµĞ»Ğ°Ñ‚ÑŒ Ğ¼Ğ¾Ğ´ĞµĞ»ÑŒ James Webb Space Telescope Ğ¸Ğ· Ğ±ÑƒĞ¼Ğ°Ğ³Ğ¸ :),0
111753990567462140,mtcall,"ìŠ¤í¬ì¸  ì˜ˆì¸¡ì˜ ì‹œì‘, ë¼ì´ë¸ŒìŠ¤ì½”ì–´ë¡œ ì •í™•í•˜ê²Œ ìŠ¤í¬ì¸  ì˜ˆì¸¡ì€ í˜„ëŒ€ ë² íŒ…ì˜ í•µì‹¬ ìš”ì†Œë¡œ ìë¦¬ë§¤ê¹€í•˜ê³  ìˆìŠµë‹ˆë‹¤. ê·¸ ì¤‘ì—ì„œë„ ë¼ì´ë¸ŒìŠ¤ì½”ì–´ëŠ” ì˜ˆì¸¡ì˜ ì‹œì‘ë¶€í„° ê²°ê³¼ê¹Œì§€ ìŠ¤í¬ì¸  íŒ¬ë“¤ì—ê²Œ ì •í™•í•˜ê³  ì‹¤ì‹œê°„ìœ¼ë¡œ ì •ë³´ë¥¼ ì œê³µí•˜ì—¬ ë² íŒ… ê²½í—˜ì„ ë”ìš± í¥ë¯¸ë¡­ê²Œ ë§Œë“­ë‹ˆë‹¤. ì´ ê¸€ì—ì„œëŠ” ë¼ì´ë¸ŒìŠ¤ì½”ì–´ì˜ ì¤‘ìš”ì„±ê³¼ í•¨ê»˜, í† í†  ì»¤ë®¤ë‹ˆí‹°ì—ì„œ ìì£¼ ì–¸ê¸‰ë˜ëŠ” ì£¼ìš” ì‚¬ì´íŠ¸ì¸ ìŠˆì–´ë§¨, ì˜¬ì¸êµ¬ì¡°ëŒ€, ê·¸ë¦¬ê³  ì‚¬ì´íŠ¸ì¶”ì²œì— ëŒ€í•´ ìì„¸íˆ ì‚´í´ë³´ê² ìŠµë‹ˆë‹¤.https://mtcall-totocommunity.blogspot.com/2024/01/blog-post_79.html",0
111753990565815410,indie1023_playlist,4:08am We The People... by A Tribe Called Quest from We Got It From Here...Thank You 4 Your Service,0
111753990557851544,sakuyamochi,2æ¬¡å…ƒã®â€¦â€¦åšéº—éœŠå¤¢ã¿ãŸã„ãªé€”ä¸­ã§çµã‚“ã§ã‚‹ï¼Ÿã‚„ã¤ã¨ã‹ãªã‚“ã§è½ã¡ãªã„ã‚“ã ã¨æ€ã†,0
111753990551352947,portofneworleans,#VesselAlert #Ship #Vessel #AIS#MMSI: #367468610#Flag: #USA Msgs recvd: 25Seen on: 14-Jan-2024 05:08:32 CSTStatus: #under_way_using_engineSpeed: 6.7 kts Signal #RSSI: -38.6 dBFShttps://www.shipxplorer.com/data/vessels/IMO-MMSI-367468610https://www.marinetraffic.com/en/ais/details/ships/367468610https://www.vesselfinder.com/vessels/details/367468610,0
111753990535788021,readsharpbharat,"Jamshedpur robbers arrested : à¤®à¤¾à¤¨à¤—à¥‹ à¤²à¤•à¥à¤·à¥à¤¯ à¤…à¤ªà¤¾à¤°à¥à¤Ÿà¤®à¥‡à¤‚à¤Ÿ à¤®à¥‡à¤‚ à¤²à¥‚à¤Ÿ à¤•à¥€ à¤¨à¤¾à¤•à¤¾à¤® à¤•à¥‹à¤¶à¤¿à¤¶ à¤•à¥‡ à¤¤à¥€à¤¨ à¤†à¤°à¥‹à¤ªà¥€ à¤—à¤¿à¤°à¤«à¥à¤¤à¤¾à¤°, à¤—à¥ƒà¤¹à¤¸à¥à¤µà¤¾à¤®à¤¿à¤¨à¥€ à¤•à¥€ à¤¹à¤¿à¤®à¥à¤®à¤¤ à¤•à¥‡ à¤†à¤—à¥‡ à¤¹à¤¾à¤° à¤•à¤° à¤­à¤¾à¤—à¥‡ à¤¥à¥‡ à¤¨à¤•à¤²à¥€ à¤ªà¤¿à¤¸à¥à¤Ÿà¤² à¤²à¥‡à¤•à¤° à¤ªà¤¹à¥à¤‚à¤šà¥‡ à¤¤à¥€à¤¨à¥‹à¤‚Â à¤²à¥à¤Ÿà¥‡à¤°à¥‡à¤œà¤®à¤¶à¥‡à¤¦à¤ªà¥à¤° : à¤†à¤œà¤¾à¤¦à¤¨à¤—à¤° à¤¥à¤¾à¤¨à¤¾ à¤•à¥à¤·à¥‡à¤¤à¥à¤° à¤•à¥‡ à¤šà¥‡à¤ªà¤¾à¤ªà¥à¤² à¤•à¥‡ à¤ªà¤¾à¤¸ à¤¸à¥à¤¥à¤¿à¤¤ à¤²à¤•à¥à¤·à¥à¤¯ à¤…à¤ªà¤¾à¤°à¥à¤Ÿà¤®à¥‡à¤‚à¤Ÿ à¤¨à¤¿à¤µà¤¾à¤¸à¥€Â à¤•à¤«à¥€à¤²Â à¤–à¤¾à¤¨ à¤•à¥‡ à¤˜à¤° à¤®à¥‡à¤‚ à¤¨à¤•à¤¾à¤¬ à¤ªà¤¹à¤¨ à¤¨à¤•à¤²à¥€ à¤ªà¤¿à¤¸à¥à¤Ÿà¤² à¤•à¤¾ à¤­à¤¯ à¤¦à¤¿à¤–à¤¾ à¤²à¥‚à¤Ÿà¤¨à¥‡ à¤•à¤¾ à¤ªà¥à¤°à¤¯à¤¾à¤¸ à¤•à¤°à¤¨à¥‡ à¤•à¥‡ à¤¤à¥€à¤¨ à¤†à¤°à¥‹à¤ªà¤¿à¤¯à¥‹à¤‚ à¤•à¥‹ à¤ªà¥à¤²à¤¿à¤¸ à¤¨à¥‡ à¤—à¤¿à¤°à¤«à¥à¤¤à¤¾à¤° à¤•à¤° à¤²à¤¿à¤¯à¤¾Â à¤¹à¥ˆ.Â à¤—à¤¿à¤°à¤«à¥à¤¤à¤¾à¤° à¤†à¤°à¥‹à¤ªà¤¿à¤¯à¥‹à¤‚ à¤®à¥‡à¤‚ à¤—à¥à¤²à¤¾à¤¬ à¤¬à¤¾à¤— à¤«à¥‡à¤œ 2 à¤¨à¤¿à¤µà¤¾à¤¸à¥€Â à¤¶à¤¹à¤µà¤¾à¤œÂ à¤‰à¤°à¥à¤« à¤¸à¤¾à¤¬à¥‚, à¤®à¥‡à¤°à¤¾à¤œ à¤…à¤‚à¤¸à¤¾à¤°à¥€ à¤”à¤° à¤°à¤¾à¤¨à¥€ à¤…à¤®à¥à¤®à¤¾â€¦https://sharpbharat.com/information/jamshedpur-robbers-arrested/389274/",0
111753990497320795,saveluna,æ²¢å±±ãŸã¹ã‚ŒãŸã®ã­,0
111753990490929317,fimotro,"Î¤Î¹Î¼Î¿Î»ÏŒÎ³Î¹Î± ÏÎµÏÎ¼Î±Ï„Î¿Ï‚: Î¤Î¹ Î±Î»Î»Î¬Î¶ÎµÎ¹ ÏƒÏ„Î¿Ï…Ï‚ Î»Î¿Î³Î±ÏÎ¹Î±ÏƒÎ¼Î¿ÏÏ‚ â€“ ÎœÎ­ÏƒÏ‰ ÎºÎ¹Î½Î·Ï„Î¿Ï Î· ÎµÏ€Î¹Î»Î¿Î³Î® Ï‡ÏÏÎ¼Î±Ï„Î¿Ï‚ ÎºÎ±Î¹Â ÎµÏ„Î±Î¹ÏÎµÎ¯Î±Ï‚ÎœÎµ Î­Î½Î± Î¼Î®Î½Ï…Î¼Î± ÏƒÏ„Î¿ wallet Ï„Î¿Ï… ÎºÎ¹Î½Î·Ï„Î¿Ï Ï„Î·Î»ÎµÏ†ÏÎ½Î¿Ï… Î¸Î± Î¼Ï€Î¿ÏÎ¿ÏÎ½ Î±Ï€ÏŒ Ï„Î¿Î½ ÎµÏ€ÏŒÎ¼ÎµÎ½Î¿ Î¼Î®Î½Î± Î½Î± Î±Î»Î»Î¬Î¶Î¿Ï…Î½ Î¿Î¹ Ï€Î¿Î»Î¯Ï„ÎµÏ‚ -ÎµÏ†ÏŒÏƒÎ¿Î½ Ï„Î¿ ÎµÏ€Î¹Î¸Ï…Î¼Î¿ÏÎ½ â€“ Ï„Î·Î½ ÎµÏ„Î±Î¹ÏÎµÎ¯Î± ÎµÎ½Î­ÏÎ³ÎµÎ¹Î±Ï‚ ÎºÎ±Î¹ Ï„Î¿ Ï„Î¹Î¼Î¿Î»ÏŒÎ³Î¹ÏŒ Ï„Î¿Ï…Ï‚. Î‘Ï…Ï„ÏŒ Î±Î½Î±ÎºÎ¿Î¯Î½Ï‰ÏƒÎµ Î¿ Ï…Ï€Î¿Ï…ÏÎ³ÏŒÏ‚ Î¨Î·Ï†Î¹Î±ÎºÎ®Ï‚ Î”Î¹Î±ÎºÏ…Î²Î­ÏÎ½Î·ÏƒÎ·Ï‚ Î”Î·Î¼Î®Ï„ÏÎ·Ï‚ Î Î±Ï€Î±ÏƒÏ„ÎµÏÎ³Î¯Î¿Ï…, ÏƒÎµ ÏÎ±Î´Î¹Î¿Ï†Ï‰Î½Î¹ÎºÎ® Ï„Î¿Ï… ÏƒÏ…Î½Î­Î½Ï„ÎµÏ…Î¾Î· ÏƒÏ„Î± Î Î±ÏÎ±Ï€Î¿Î»Î¹Ï„Î¹ÎºÎ¬ Fm. ÎŒÏ€Ï‰Ï‚ Ï‡Î±ÏÎ±ÎºÏ„Î·ÏÎ¹ÏƒÏ„Î¹ÎºÎ¬ ÎµÎ¯Ï€Îµ Â«Î®Î´Î· Î¼Îµ Ï„Î¿ Ï…Ï€Î¿Ï…ÏÎ³ÎµÎ¯Î¿ Î•Î½Î­ÏÎ³ÎµÎ¹Î±Ï‚ ÎºÎ±Î¹ Î ÎµÏÎ¹Î²Î¬Î»Î»Î¿Î½Ï„Î¿Ï‚â€¦https://fimotro.gr/timologia-revmatos-ti-allazei-stous-logariasmous-meso-kinitou-i-epilogi-chromatos-kai-etaireias/",0
111753990448874983,Oecan,"Bin bei einem Kinder-FuÃŸballturnier. Es gibt Kaffee und Kuchen, insofern geht's eigentlich.",0
111753990445334497,eden_00,ì¬ê°œí–ˆê³  ëŠìŒ~ 3ì‚¬ì´í´ 3ì”¬ê¹Œì§€ ì™”ë„¤ìš”!!ì–´ë– ì‹ ê°€ìš”ì²­ì¶˜ë¡œë§¨ìŠ¤ì¹˜ì •ì‹œë…¸ë¹„ê°€ë¯¸ ë‚™ì›ì¬ë°Œì£ ?ì‚¬ê³¼ë§›ì´ì£ ?(^^),0
111753990414385920,Wann_Torishira,ã€‚ã€‚ã€‚å¤§æ¯›è½¯å›å‘tgäº†æˆ‘ä¹Ÿè¦å¼¹å°„å›tgä¸€ç§’å‘µå‘µå‘µå‘µå‘µæ­è¿é™›ä¸‹å›å®«ã€‚ã€‚ã€‚,0
111753990412662479,kamiya,ZOZOTOWNï½¤ï½¤æã„ãŸã„ã€ã€ã€ZOZOTOWNã£ã¦ã„ã¤ã‹ã‚‰ã ã£ã‘,0
111753990376059059,coriandolii,Jetzt gehts in den Schnee fotografieren. 5dmarkIII vs R6markII / Tochter vs Vater ğŸ˜‚,0
111753990369457371,CauseOfBSOD,i just hit the d key and flashbanged myselfwhy is that even a keybind,0
111753990300294146,cartorum,Chateau de Romefort France (#Indre)  #CartePostaleAncienne ğŸ‘‰ https://cartorum.fr/carte-postale/614885/chateau-de-romefort-france,0
111753990287414891,Alpee3104,æ³¥ã‚½ãƒ¼ã‚¹ã£ã¦çµ¶å¯¾ãŠã„ã—ã„ã«é•ã„ãªã„((( ï½¥Ï‰ï½¥ )))ï¾Œï¾Ÿï¾™ï¾™ï½°ï¾,0
111753990249656553,InfosGC,"Die News vom Morgen:1ï¸âƒ£#UDLasPalmas mit klarem Sieg gegen Villarealâš½ï¸2ï¸âƒ£Alte #Eisfabrik kann erst 2025 den vollen Betrieb aufnehmenğŸš§Jetzt alle BeitrÃ¤ge unterâ—ï¸ Infos-GranCanaria.com â—ï¸lesen#Obdachlose mÃ¼ssen noch bis zum #Jahr2ÃŸ25 warten, bis die alte #Eisfabrik von #LasPalmas de #GranCanaria den vollen Betrieb aufnehmen kann: https://infos-grancanaria.com/2024/obdachlosenzentrum-eisfabrik-in-las-palmas-erst-2025-voll-betriebsbereit/",0
111753990222067281,HMJN,æ˜”ã®ã‚„ã¤ã ,0
